Category,Link
Kinh Doanh,https://dantri.com.vn/kinh-doanh/coteccons-muon-tham-gia-xay-dung-ha-tang-da-dang-hoa-linh-vuc-kinh-doanh-20241024171945334.htm
Kinh Doanh,https://dantri.com.vn/kinh-doanh/nguoi-viet-chi-gan-9-ty-usd-mua-hang-online-trong-9-thang-20241023120803588.htm
Kinh Doanh,https://dantri.com.vn/kinh-doanh/viet-nam-trong-duoc-loai-gia-vi-dat-thu-3-the-gioi-xuat-khau-hon-2500-tan-20241023102501426.htm
Kinh Doanh,https://dantri.com.vn/kinh-doanh/chinh-thuc-co-co-che-gia-cho-dien-mat-troi-mai-nha-du-phat-len-luoi-20241023105719904.htm
Kinh Doanh,https://dantri.com.vn/kinh-doanh/ngan-hang-nha-nuoc-thi-truong-vang-da-on-dinh-tro-lai-20241022220551914.htm
Kinh Doanh,https://dantri.com.vn/kinh-doanh/gia-xang-ngay-2410-se-giam-tiep-20241023083325120.htm
Kinh Doanh,https://dantri.com.vn/kinh-doanh/9-thang-acb-tang-truong-tin-dung-gap-15-lan-binh-quan-nganh-20241024153159512.htm
Kinh Doanh,https://dantri.com.vn/kinh-doanh/vang-nhan-lap-dinh-moi-88-trieu-dongluong-20241023003323986.htm
Kinh Doanh,https://dantri.com.vn/kinh-doanh/dai-bang-fdi-va-cu-hich-lich-su-cho-kinh-te-viet-nam-20241022165933462.htm
Kinh Doanh,https://dantri.com.vn/kinh-doanh/vietcombank-mo-tai-khoan-truc-tuyen-duoc-tich-hop-ngay-thong-tin-sinh-trac-hoc-20241024150955857.htm
Kinh Doanh,https://dantri.com.vn/kinh-doanh/khai-truong-showroom-hermle-dau-tien-tai-viet-nam-20241024115438117.htm
Kinh Doanh,https://dantri.com.vn/kinh-doanh/2-ngay-tang-3-trieu-dong-gia-vang-mieng-sjc-len-89-trieu-dongluong-20241021223350153.htm
Kinh Doanh,https://dantri.com.vn/kinh-doanh/ra-soat-hoan-thien-truoc-khi-ban-hanh-nghi-dinh-ve-dien-mat-troi-mai-nha-20241021203237635.htm
Kinh Doanh,https://dantri.com.vn/kinh-doanh/mo-cong-binh-chon-cuoc-thi-viet-sang-kien-esg-vao-ngay-2410-20241023155138301.htm
Kinh Doanh,https://dantri.com.vn/kinh-doanh/khoi-dong-dien-dan-va-trien-lam-phat-trien-kinh-te-xanh-2024-20241021135441353.htm
Kinh Doanh,https://dantri.com.vn/kinh-doanh/lo-ly-do-khien-gia-vang-the-gioi-tang-dung-dung-lien-tiep-pha-dinh-20241021165251943.htm
Kinh Doanh,https://dantri.com.vn/kinh-doanh/hoang-anh-gia-lai-da-khoe-hon-trong-quy-iii-van-ap-luc-no-ngan-han-20241021161359752.htm
Kinh Doanh,https://dantri.com.vn/kinh-doanh/vingroup-co-the-ban-co-phan-tai-vinbrain-cho-nvidia-20241021181211972.htm
Kinh Doanh,https://dantri.com.vn/kinh-doanh/nghien-cuu-doc-lap-ve-thuoc-la-nung-nong-cho-ket-qua-ra-sao-20241022165355760.htm
Kinh Doanh,https://dantri.com.vn/kinh-doanh/cho-mua-vang-mieng-vang-nhan-khi-gia-len-ky-luc-nhieu-nguoi-ve-tay-khong-20241021183726488.htm
Kinh Doanh,https://dantri.com.vn/kinh-doanh/bo-truong-cong-thuong-luat-dien-luc-sua-doi-khong-co-loi-ich-nhom-20241021154147596.htm
Kinh Doanh,https://dantri.com.vn/kinh-doanh/lien-doanh-geleximco-chery-duoc-trao-giay-chung-nhan-dang-ky-dau-tu-20241022170845685.htm
Kinh Doanh,https://dantri.com.vn/kinh-doanh/thu-tuong-dut-khoat-khong-duoc-de-thieu-dien-nam-2025-20241019184000035.htm
Kinh Doanh,https://dantri.com.vn/kinh-doanh/gia-hoa-2010-gap-4-lan-ngay-thuong-tieu-thuong-tphcm-ban-khong-ngoi-tay-20241019163812010.htm
Kinh Doanh,https://dantri.com.vn/kinh-doanh/no-xau-ngay-cang-gia-tang-ong-lon-xay-dung-coteccons-xu-ly-sao-20241019103039321.htm
Kinh Doanh,https://dantri.com.vn/kinh-doanh/bao-ve-cong-trinh-xay-dung-bang-giai-phap-kiem-soat-moi-20241021220429609.htm
Kinh Doanh,https://dantri.com.vn/kinh-doanh/19-ong-lon-doanh-nghiep-nha-nuoc-lai-hon-50300-ty-dong-20241019094238200.htm
Kinh Doanh,https://dantri.com.vn/kinh-doanh/arab-saudi-dinh-danh-sap-gia-dau-tho-nga-se-that-thu-nang-ne-20241016162917303.htm
Kinh Doanh,https://dantri.com.vn/kinh-doanh/lan-dau-tien-trong-lich-su-gia-vang-nhan-vuot-85-trieu-dongluong-20241018221247363.htm
Kinh Doanh,https://dantri.com.vn/kinh-doanh/hanh-khach-giau-7kg-nghi-la-vang-trong-cap-quan-de-giay-20241018165724187.htm
Kinh Doanh,https://dantri.com.vn/kinh-doanh/vn-index-lat-mat-phut-chot-gioi-giao-dich-thap-thom-om-co-phieu-20241018161509396.htm
Kinh Doanh,https://dantri.com.vn/kinh-doanh/gia-vang-lap-dinh-bo-hoa-bang-vang-chay-hang-dip-le-2010-20241018152713798.htm
Kinh Doanh,https://dantri.com.vn/kinh-doanh/ly-do-gi-khien-gia-xang-ve-duoi-21000-donglit-20241018121304288.htm
Kinh Doanh,https://dantri.com.vn/kinh-doanh/vietinbank-co-tong-giam-doc-8x-20241018103654656.htm
Kinh Doanh,https://dantri.com.vn/kinh-doanh/doanh-nghiep-ban-khoa-hoc-day-lam-giau-lo-dam-20241017161934958.htm
Kinh Doanh,https://dantri.com.vn/kinh-doanh/trung-quoc-cam-ket-tung-them-giai-phap-ho-tro-tai-chinh-cho-thi-truong-bds-20241017161310221.htm
Kinh Doanh,https://dantri.com.vn/kinh-doanh/vang-nhan-chay-hang-khi-gia-vuot-84-trieu-dong-cho-do-mat-khong-mua-duoc-20241018000836552.htm
Kinh Doanh,https://dantri.com.vn/kinh-doanh/vietcombank-mb-so-huu-100-von-dieu-le-cbbank-va-oceanbank-20241017201630252.htm
Kinh Doanh,https://dantri.com.vn/kinh-doanh/co-phieu-bat-dong-san-tang-manh-co-ma-chay-hang-vn-index-dao-chieu-20241017160321679.htm
Kinh Doanh,https://dantri.com.vn/kinh-doanh/chinh-thuc-chuyen-giao-bat-buoc-ngan-hang-oceanbank-va-cbbank-chieu-nay-20241017144655188.htm
Kinh Doanh,https://dantri.com.vn/kinh-doanh/acb-dong-hanh-cung-tphcm-trong-cac-chuong-trinh-an-sinh-xa-hoi-20241019165929977.htm
Kinh Doanh,https://dantri.com.vn/kinh-doanh/gia-xang-giam-100-donglit-20241017142337669.htm
Kinh Doanh,https://dantri.com.vn/kinh-doanh/ceo-bamboo-airways-duoc-huy-tam-hoan-xuat-canh-20241016200258125.htm
Kinh Doanh,https://dantri.com.vn/kinh-doanh/chu-nha-tro-o-ha-noi-ruc-rich-tang-gia-dien-len-5000-dongkwh-20241016193605570.htm
Kinh Doanh,https://dantri.com.vn/kinh-doanh/chien-luoc-cho-ho-kinh-doanh-trong-thoi-dai-thanh-toan-khong-tien-mat-20241018113914417.htm
Kinh Doanh,https://dantri.com.vn/kinh-doanh/tap-doan-phuc-son-co-tan-tong-giam-doc-20241016151902615.htm
Kinh Doanh,https://dantri.com.vn/kinh-doanh/viet-nam-nen-thi-diem-dien-gio-ngoai-khoi-nhu-the-nao-20241016145940949.htm
Kinh Doanh,https://dantri.com.vn/kinh-doanh/nhan-vien-than-trong-khi-nghi-viec-doanh-nghiep-can-nhac-tuyen-dung-theo-ky-nang-20241018124516576.htm
Kinh Doanh,https://dantri.com.vn/kinh-doanh/ai-dung-sau-chuoi-tra-sua-binh-dan-tocotoco-20241016150605708.htm
Kinh Doanh,https://dantri.com.vn/kinh-doanh/dnse-tiep-tuc-vao-top-10-thuong-hieu-manh-tien-phong-doi-moi-sang-tao-20241018113415030.htm
Kinh Doanh,https://dantri.com.vn/kinh-doanh/tai-san-cuu-ceo-quoc-cuong-gia-lai-tang-45-con-dau-khong-nam-co-phan-20241016132500692.htm
Kinh Doanh,https://dantri.com.vn/kinh-doanh/thach-thuc-cua-doanh-nghiep-hau-chot-don-20241018105125532.htm
Kinh Doanh,https://dantri.com.vn/kinh-doanh/vib-ra-mat-tinh-nang-ca-nhan-hoa-thiet-ke-the-theo-nhu-cau-voi-cong-nghe-gen-ai-20241017162236858.htm
Kinh Doanh,https://dantri.com.vn/kinh-doanh/ty-phu-tran-dinh-long-thang-dam-20241016072900249.htm
Kinh Doanh,https://dantri.com.vn/kinh-doanh/dieu-gi-giup-nguoi-my-thong-tri-cac-giai-nobel-kinh-te-20241015144755264.htm
Kinh Doanh,https://dantri.com.vn/kinh-doanh/trung-quoc-tu-trong-thanh-long-sau-rieng-hang-viet-bi-canh-tranh-gay-gat-20241015172153155.htm
Kinh Doanh,https://dantri.com.vn/kinh-doanh/chuyen-gia-eurocharm-viet-nam-di-dung-huong-de-tien-phong-phat-trien-nang-luong-sach-20241017104202550.htm
Kinh Doanh,https://dantri.com.vn/kinh-doanh/co-phieu-thang-hoa-von-hoa-nvidia-vuot-3400-ty-usd-20241015161826777.htm
Kinh Doanh,https://dantri.com.vn/kinh-doanh/giai-phap-vay-mua-nha-lai-suat-tu-59nam-mien-tra-goc-5-nam-20241016190001961.htm
Kinh Doanh,https://dantri.com.vn/kinh-doanh/co-phieu-quoc-cuong-gia-lai-bat-ngo-noi-song-20241015164913269.htm
Kinh Doanh,https://dantri.com.vn/kinh-doanh/chuyen-gia-trong-esg-chu-s-la-kho-nhat-20241015151733294.htm
Kinh Doanh,https://dantri.com.vn/kinh-doanh/vua-xe-hoi-volkswagen-gap-khung-hoang-canh-bao-nguy-hiem-cho-kinh-te-duc-20241011223126635.htm
Kinh Doanh,https://dantri.com.vn/kinh-doanh/bamboo-airways-bay-quoc-te-tro-lai-sau-mot-nam-tam-ngung-20241015104925146.htm
Kinh Doanh,https://dantri.com.vn/kinh-doanh/gia-dien-tang-48-evn-co-thoat-lo-20240721190404106.htm
Kinh Doanh,https://dantri.com.vn/kinh-doanh/vang-mieng-sjc-tang-nua-trieu-dong-moi-luong-20241014023503573.htm
Kinh Doanh,https://dantri.com.vn/kinh-doanh/ca-map-trung-quoc-dung-mua-vang-5-thang-lien-tiep-lo-dong-thai-quan-trong-20241012232530773.htm
Kinh Doanh,https://dantri.com.vn/kinh-doanh/gen-z-sam-do-online-thieu-kiem-soat-chua-het-thang-da-het-luong-20241013120843338.htm
Kinh Doanh,https://dantri.com.vn/kinh-doanh/doanh-nghiep-doanh-nhan-va-tinh-than-phung-su-cong-dong-20241012051451696.htm
Kinh Doanh,https://dantri.com.vn/kinh-doanh/agribank-dong-gop-tich-cuc-vao-qua-trinh-chuyen-doi-so-quoc-gia-20241015175909808.htm
Kinh Doanh,https://dantri.com.vn/kinh-doanh/ganh-trach-nhiem-cua-doanh-nhan-lam-tu-thien-chi-la-mot-bieu-hien-20241013010339682.htm
Kinh Doanh,https://dantri.com.vn/kinh-doanh/du-bao-bat-ngo-ve-gia-vang-sau-khi-bat-tang-manh-20241012224436539.htm
Kinh Doanh,https://dantri.com.vn/kinh-doanh/chu-tich-binh-dinh-mong-tphcm-gioi-thieu-cac-doanh-nghiep-lon-20241011180206869.htm
Kinh Doanh,https://dantri.com.vn/kinh-doanh/sabeco-day-manh-mo-hinh-kinh-te-tuan-hoan-mang-nhieu-gia-tri-cho-cong-dong-20241015155837101.htm
Kinh Doanh,https://dantri.com.vn/kinh-doanh/gia-ve-may-bay-tet-2025-mua-som-5-thang-van-cao-co-chang-gan-10-trieu-dong-20241011171603217.htm
Kinh Doanh,https://dantri.com.vn/kinh-doanh/ty-phu-johnathan-hanh-nguyen-mach-nuoc-thu-hut-nguon-luc-kieu-hoi-20241011160303087.htm
Kinh Doanh,https://dantri.com.vn/kinh-doanh/ngan-hang-nha-nuoc-neu-thong-tin-quan-trong-voi-thi-truong-vang-20241011140406428.htm
Kinh Doanh,https://dantri.com.vn/kinh-doanh/lam-sach-bien-nhan-qua-song-xanh-tu-bidv-20241014144030789.htm
Kinh Doanh,https://dantri.com.vn/kinh-doanh/cac-cong-ty-xo-so-phia-nam-bao-lai-hon-13400-ty-dong-sau-9-thang-20241011105342083.htm
Kinh Doanh,https://dantri.com.vn/kinh-doanh/bao-milton-can-quet-loat-sieu-thi-tan-hoang-nuoc-sach-tro-nen-khan-hiem-20241011111530879.htm
Kinh Doanh,https://dantri.com.vn/kinh-doanh/binh-dinh-tao-co-che-dac-biet-de-thu-hut-cac-nha-dau-tu-20241010191209371.htm
Kinh Doanh,https://dantri.com.vn/kinh-doanh/thuong-hieu-276-nam-tai-duc-villeroy-boch-ra-mat-bon-cau-thong-minh-viclean-ih-20241013122918641.htm
Kinh Doanh,https://dantri.com.vn/kinh-doanh/tap-doan-nao-dang-muon-dau-tu-vao-san-bay-chu-lai-20241010134232566.htm
Kinh Doanh,https://dantri.com.vn/kinh-doanh/top-tinh-thanh-tang-truong-nhanh-nhat-viet-nam-co-bat-ngo-20241010215124177.htm
Kinh Doanh,https://dantri.com.vn/kinh-doanh/vang-mieng-giam-500000-dongluong-vang-nhan-roi-xa-dinh-ky-luc-20241011071816746.htm
Kinh Doanh,https://dantri.com.vn/kinh-doanh/gia-xang-tang-vot-gan-1300-donglit-20241010115745150.htm
Kinh Doanh,https://dantri.com.vn/kinh-doanh/dai-gia-truong-gia-binh-thuong-dam-nhan-tai-fpt-pha-dinh-lich-su-20241010134139601.htm
Kinh Doanh,https://dantri.com.vn/kinh-doanh/hoa-phat-ho-tro-xay-dung-hon-1500-can-nha-cho-nguoi-ngheo-tren-ca-nuoc-20241011192743676.htm
Kinh Doanh,https://dantri.com.vn/kinh-doanh/viet-nam-tro-lai-quy-dao-tang-truong-cao-fdi-cham-moc-25-ty-usd-20241010101225809.htm
Kinh Doanh,https://dantri.com.vn/kinh-doanh/bao-ve-vi-tien-khach-hang-nho-but-pha-cong-nghe-20241011212037361.htm
Kinh Doanh,https://dantri.com.vn/kinh-doanh/xo-so-soc-trang-vua-bi-dung-di-hoc-tap-kinh-nghiem-o-chau-a-lo-lai-ra-sao-20241010105750963.htm
Kinh Doanh,https://dantri.com.vn/kinh-doanh/bo-cong-thuong-evn-lo-gan-22000-ty-dong-tu-san-xuat-dien-nam-2023-20241010094451188.htm
Kinh Doanh,https://dantri.com.vn/kinh-doanh/cac-doanh-nghiep-nha-nuoc-lam-an-ra-sao-20241009152706218.htm
Kinh Doanh,https://dantri.com.vn/kinh-doanh/gia-vang-mieng-sjc-vang-nhan-cung-giam-20241010003750083.htm
Kinh Doanh,https://dantri.com.vn/kinh-doanh/se-nghien-cuu-nguong-no-thue-voi-tung-doi-tuong-bi-tam-hoan-xuat-canh-20241009210530644.htm
Kinh Doanh,https://dantri.com.vn/kinh-doanh/co-dong-lon-xuat-hien-eximbank-muon-chuyen-nha-ra-ha-noi-20241009182202836.htm
Kinh Doanh,https://dantri.com.vn/kinh-doanh/3-nu-doanh-nhan-viet-lot-top-quyen-luc-nhat-chau-a-20241009105214492.htm
Kinh Doanh,https://dantri.com.vn/kinh-doanh/chung-khoan-viet-nam-chua-duoc-nang-hang-20241009111424863.htm
Kinh Doanh,https://dantri.com.vn/kinh-doanh/vingroup-hop-tac-thuc-day-chuyen-doi-xanh-voi-tong-cong-ty-duong-sat-viet-nam-20241010183145992.htm
Kinh Doanh,https://dantri.com.vn/kinh-doanh/con-loc-hang-gia-re-trung-quoc-cac-nuoc-doi-mat-ra-sao-20241006153058050.htm
Kinh Doanh,https://dantri.com.vn/kinh-doanh/gia-xang-ngay-1010-se-tang-manh-20241009004113310.htm
Kinh Doanh,https://dantri.com.vn/kinh-doanh/he-sinh-thai-cua-bau-hien-ung-ho-20-ty-dong-khac-phuc-thiet-hai-bao-lu-20241010155349492.htm
Kinh Doanh,https://dantri.com.vn/kinh-doanh/cac-ngan-hang-co-duoc-gui-tien-lan-nhau-khong-20241009004619428.htm
Kinh Doanh,https://dantri.com.vn/kinh-doanh/vietcap-cua-ba-nguyen-thanh-phuong-gay-bat-ngo-vndirect-mat-thi-phan-20241009054521879.htm
Kinh Doanh,https://dantri.com.vn/kinh-doanh/cap-nhat-sinh-trac-hoc-som-de-bao-ve-vi-tien-online-20241010124429158.htm
Kinh Doanh,https://dantri.com.vn/kinh-doanh/nhan-tron-giam-gia-20241009001602115.htm
Kinh Doanh,https://dantri.com.vn/kinh-doanh/thu-tuong-yeu-cau-giam-lai-suat-cho-vay-giam-thue-de-ho-tro-doanh-nghiep-20241008105626514.htm
Kinh Doanh,https://dantri.com.vn/kinh-doanh/ong-chu-facebook-muon-ban-ao-phong-tu-thiet-ke-20241008101814113.htm
Kinh Doanh,https://dantri.com.vn/kinh-doanh/3-luu-y-de-lua-chon-duoc-san-pham-xi-mang-chat-luong-20241009171235742.htm
Kinh Doanh,https://dantri.com.vn/kinh-doanh/doanh-nghiep-xin-cap-giay-san-xuat-vang-trang-suc-tang-manh-sau-thanh-tra-20241008071829409.htm
Kinh Doanh,https://dantri.com.vn/kinh-doanh/pnj-bi-xu-phat-134-ty-dong-trong-dot-thanh-tra-vang-20241008075248134.htm
Kinh Doanh,https://dantri.com.vn/kinh-doanh/chu-tich-ha-do-71-tuoi-tu-nhiem-con-trai-len-lam-tong-giam-doc-20241008071728404.htm
Kinh Doanh,https://dantri.com.vn/kinh-doanh/gia-vang-mieng-sjc-tang-len-85-trieu-dongluong-20241008065410671.htm
Kinh Doanh,https://dantri.com.vn/kinh-doanh/thong-doc-chuan-bi-to-chuc-le-chuyen-giao-2-ngan-hang-0-dong-20241007214041699.htm
Kinh Doanh,https://dantri.com.vn/kinh-doanh/doanh-nghiep-phuc-hoi-rat-nhanh-sau-bao-20241007182155948.htm
Kinh Doanh,https://dantri.com.vn/kinh-doanh/dau-gia-hon-900-xe-may-vi-pham-gia-tu-500000-dongchiec-20241007173141557.htm
Kinh Doanh,https://dantri.com.vn/kinh-doanh/thu-nhap-binh-quan-dau-nguoi-o-thanh-thi-gan-67-trieu-dongthang-20241007151153103.htm
Kinh Doanh,https://dantri.com.vn/kinh-doanh/tap-doan-sovico-va-unesco-ky-ket-hop-tac-chien-luoc-2025-2035-20241008164208850.htm
Kinh Doanh,https://dantri.com.vn/kinh-doanh/gia-vang-nhan-cao-nhat-tu-truoc-den-nay-20241007071846304.htm
Kinh Doanh,https://dantri.com.vn/kinh-doanh/chao-lua-trung-dong-se-lam-gay-xuong-song-cua-kinh-te-toan-cau-20241006004135207.htm
Kinh Doanh,https://dantri.com.vn/kinh-doanh/gdp-quy-iii-uoc-tang-74-cong-nghiep-hoi-phuc-manh-me-20241006101321916.htm
Kinh Doanh,https://dantri.com.vn/kinh-doanh/ba-phuong-hang-choi-lon-novaland-bi-truong-my-lan-doi-2500-ty-dong-20241006075852564.htm
Kinh Doanh,https://dantri.com.vn/kinh-doanh/chien-luoc-nhan-su-song-hanh-dinh-huong-go-global-cua-masan-20241008145414309.htm
Kinh Doanh,https://dantri.com.vn/kinh-doanh/bai-thi-an-tuong-cua-sang-kien-esg-vi-mot-viet-nam-phat-trien-ben-vung-20241008115240385.htm
Kinh Doanh,https://dantri.com.vn/kinh-doanh/de-moi-manh-vuon-ca-phe-la-di-san-ben-vung-cho-the-he-sau-20241007123009309.htm
Kinh Doanh,https://dantri.com.vn/kinh-doanh/du-bao-bat-ngo-ve-gia-vang-tuan-toi-20241005231157628.htm
Kinh Doanh,https://dantri.com.vn/kinh-doanh/cuoc-dua-mo-tai-khoan-chung-lai-dau-tu-chung-khoan-da-ha-nhiet-20241005143555930.htm
Xã Hội,https://dantri.com.vn/xa-hoi/cong-an-canh-bao-kieu-lua-dao-thao-tung-tam-ly-chiem-tai-khoan-ngan-hang-20241024153711658.htm
Xã Hội,https://dantri.com.vn/xa-hoi/tra-mi-tro-thanh-con-bao-so-6-du-bao-tang-2-cap-20241024151731213.htm
Xã Hội,https://dantri.com.vn/xa-hoi/truc-vot-qua-bom-nang-hon-13-tan-gan-cau-long-bien-20241024150045865.htm
Xã Hội,https://dantri.com.vn/xa-hoi/phat-hien-bat-ngo-trong-chiec-ba-lo-cua-quay-tren-bien-20241024145101131.htm
Xã Hội,https://dantri.com.vn/lao-dong-viec-lam/chu-tich-tong-ldld-viet-nam-giai-trinh-ve-kinh-phi-tai-chinh-cong-doan-20241024130121382.htm
Xã Hội,https://dantri.com.vn/xa-hoi/cuc-hang-khong-yeu-cau-toan-nganh-canh-giac-voi-bao-tra-mi-20241024130243100.htm
Xã Hội,https://dantri.com.vn/xa-hoi/phat-hien-thi-the-nam-thanh-nien-mat-tich-3-ngay-truoc-20241024115513410.htm
Xã Hội,https://dantri.com.vn/xa-hoi/quan-pho-o-thanh-pho-ha-giang-boc-chay-ngun-ngut-20241024115040257.htm
Xã Hội,https://dantri.com.vn/xa-hoi/bo-de-xuat-mien-hoc-phi-cho-con-giao-vien-20241024111536770.htm
Xã Hội,https://dantri.com.vn/xa-hoi/dieu-tra-vu-nam-sinh-tu-vong-trong-truong-dai-hoc-xay-dung-mien-tay-20241024100650794.htm
Xã Hội,https://dantri.com.vn/xa-hoi/bao-tra-mi-doi-huong-lien-tuc-cuong-do-tiep-tuc-manh-len-20241024101121657.htm
Xã Hội,https://dantri.com.vn/xa-hoi/ong-tap-can-binh-se-thuc-day-ket-noi-giao-thong-trung-quoc-viet-nam-20241024074330314.htm
Xã Hội,https://dantri.com.vn/xa-hoi/xe-may-noi-duoi-nhau-rong-ran-di-nguoc-chieu-o-ha-noi-20241024064039992.htm
Xã Hội,https://dantri.com.vn/xa-hoi/the-bhyt-co-the-kham-chua-benh-tai-bat-cu-vien-nao-canh-bao-nhieu-he-luy-20241024032252754.htm
Xã Hội,https://dantri.com.vn/xa-hoi/bao-tra-mi-rat-phuc-tap-2-kich-ban-xay-ra-khi-vao-vung-bien-nuoc-ta-20241024064407553.htm
Xã Hội,https://dantri.com.vn/xa-hoi/tong-thong-nga-putin-don-lanh-dao-cap-cao-cac-nuoc-du-hoi-nghi-brics-20241024022116140.htm
Xã Hội,https://dantri.com.vn/xa-hoi/phat-hien-loat-quan-huyen-o-ha-noi-bao-cao-sai-so-lieu-len-thanh-pho-20241024000503699.htm
Xã Hội,https://dantri.com.vn/xa-hoi/chay-chua-pho-quang-khien-27-pho-tuong-bi-thieu-rui-thiet-hai-25-ty-dong-20241023232253676.htm
Xã Hội,https://dantri.com.vn/xa-hoi/tinh-huu-nghi-viet-nga-giup-hai-nuoc-vuot-qua-nhung-thoi-khac-kho-khan-20241023162416976.htm
Xã Hội,https://dantri.com.vn/xa-hoi/mien-bac-nhieu-noi-troi-ret-20241023213546892.htm
Xã Hội,https://dantri.com.vn/xa-hoi/thu-tuong-de-nghi-nga-dao-tao-can-bo-nang-luong-dau-khi-cho-viet-nam-20241023211136899.htm
Xã Hội,https://dantri.com.vn/xa-hoi/huy-no-tai-cho-qua-bom-tu-truong-nguy-hiem-ban-kinh-sat-thuong-15km-20241023154725416.htm
Xã Hội,https://dantri.com.vn/xa-hoi/tinh-toan-ven-cong-uoc-lien-hop-quoc-ve-luat-bien-nam-1982-can-duoc-duy-tri-20241023162035112.htm
Xã Hội,https://dantri.com.vn/xa-hoi/bo-bien-bi-sat-lo-nghiem-trong-thua-thien-hue-ban-bo-tinh-huong-khan-cap-20241023142742400.htm
Xã Hội,https://dantri.com.vn/xa-hoi/canh-sat-dong-loat-kiem-tra-ma-tuy-tai-cac-cang-o-tphcm-20241023153100586.htm
Xã Hội,https://dantri.com.vn/xa-hoi/chiec-vertu-roi-ben-duong-tim-lai-duoc-chu-nhan-20241023152740533.htm
Xã Hội,https://dantri.com.vn/xa-hoi/truong-cong-an-tp-chi-linh-lam-pho-chanh-van-phong-ubnd-tinh-hai-duong-20241023151212612.htm
Xã Hội,https://dantri.com.vn/xa-hoi/nui-rac-khong-lo-do-ap-xuong-vuon-ca-phe-cua-dan-20241023145018517.htm
Xã Hội,https://dantri.com.vn/xa-hoi/bao-tra-mi-co-the-chuyen-huong-khi-den-gan-bo-nuoc-ta-20241023145132518.htm
Xã Hội,https://dantri.com.vn/xa-hoi/dua-bao-vat-quoc-gia-ve-viet-nam-bang-quy-bao-ton-di-san-van-hoa-20241022223940988.htm
Xã Hội,https://dantri.com.vn/xa-hoi/thu-tuong-pham-minh-chinh-den-kazan-bat-dau-chuoi-hoat-dong-tai-nga-20241023050310976.htm
Xã Hội,https://dantri.com.vn/xa-hoi/kiem-tra-cang-o-tphcm-phat-hien-2-tai-xe-nghi-duong-tinh-ma-tuy-20241023141616087.htm
Xã Hội,https://dantri.com.vn/xa-hoi/lo-ngai-nhung-bang-nhom-chi-su-dung-nguoi-duoi-18-tuoi-de-doi-no-thue-20241023100752255.htm
Xã Hội,https://dantri.com.vn/xa-hoi/xe-dau-keo-hong-phanh-boc-chay-ngun-ngut-tren-duong-lanh-nan-20241023103222581.htm
Xã Hội,https://dantri.com.vn/xa-hoi/ky-luat-vien-truong-vien-kiem-sat-huyen-lien-quan-vu-oan-sai-cua-2-vo-chong-20241023090430851.htm
Xã Hội,https://dantri.com.vn/xa-hoi/nhieu-du-an-tram-dung-nghi-cao-toc-cho-mat-bang-thi-cong-20241023100224515.htm
Xã Hội,https://dantri.com.vn/xa-hoi/bao-tra-mi-tiep-tuc-manh-len-co-luc-dat-cap-12-giat-cap-15-20241023091335197.htm
Xã Hội,https://dantri.com.vn/xa-hoi/quang-ninh-muon-thanh-lap-thanh-pho-quang-yen-20241023083056117.htm
Xã Hội,https://dantri.com.vn/xa-hoi/trung-uong-thong-nhat-dung-10827ha-dat-lam-duong-sat-toc-do-cao-bac-nam-20241023083702562.htm
Xã Hội,https://dantri.com.vn/xa-hoi/nhan-vien-xe-rac-dap-guong-chieu-hau-taxi-o-tphcm-20241023075405937.htm
Xã Hội,https://dantri.com.vn/xa-hoi/nguoi-dan-tphcm-thap-thom-hon-20-nam-cho-doi-ga-duong-sat-thu-thiem-20241022111031001.htm
Xã Hội,https://dantri.com.vn/xa-hoi/bao-tra-mi-tang-len-cap-9-cuong-do-tiep-tuc-manh-them-20241023062503838.htm
Xã Hội,https://dantri.com.vn/xa-hoi/ban-giam-khao-o-vong-so-khao-sang-kien-an-toan-giao-thong-viet-nam-2024-20241023095040739.htm
Xã Hội,https://dantri.com.vn/xa-hoi/tphcm-chi-dao-bo-tri-von-mo-rong-duong-noi-cao-toc-ve-mien-tay-20241022194403086.htm
Xã Hội,https://dantri.com.vn/xa-hoi/tphcm-se-xay-42-cong-vien-doc-bo-song-sai-gon-20241022194805246.htm
Xã Hội,https://dantri.com.vn/xa-hoi/khong-khi-lanh-tran-ve-bac-bo-nhieu-noi-tro-ret-20241022194714643.htm
Xã Hội,https://dantri.com.vn/xa-hoi/ha-noi-nguy-co-tam-dung-cap-doi-bang-lai-xe-vi-het-phoi-20241022193336283.htm
Xã Hội,https://dantri.com.vn/xa-hoi/xu-phat-2-nguoi-dung-chung-chi-gia-de-xin-lam-ve-si-20241022180219010.htm
Xã Hội,https://dantri.com.vn/xa-hoi/hang-tram-nguoi-va-khan-cap-300m-bo-bien-sat-lo-bat-thuong-tai-hue-20241022181850878.htm
Xã Hội,https://dantri.com.vn/xa-hoi/mua-ban-bao-thai-thu-doan-moi-cua-toi-pham-mua-ban-nguoi-20241022183435479.htm
Xã Hội,https://dantri.com.vn/xa-hoi/nguoi-dan-ong-chet-o-tphcm-gia-dinh-khong-trinh-bao-roi-dua-ve-binh-duong-20241022182839511.htm
Xã Hội,https://dantri.com.vn/xa-hoi/cong-vien-phan-mem-bo-hoang-nhieu-nam-o-da-nang-sap-hoat-dong-20241022172919885.htm
Xã Hội,https://dantri.com.vn/xa-hoi/doanh-nghiep-17-ngay-tuoi-trung-dau-gia-3-mo-khoang-san-gan-200-ty-dong-20241022085334281.htm
Xã Hội,https://dantri.com.vn/xa-hoi/de-xuat-tang-muc-phat-vi-pham-giao-thong-cao-gap-ca-chuc-lan-20241022120950872.htm
Xã Hội,https://dantri.com.vn/xa-hoi/csgt-tphcm-lam-viec-voi-nguoi-dan-ong-chan-xe-cuu-thuong-tren-duong-20241022145459842.htm
Xã Hội,https://dantri.com.vn/xa-hoi/vu-co-gai-chet-trong-chung-cu-mini-mui-hoi-thoi-tu-nhieu-ngay-truoc-20241022143717558.htm
Xã Hội,https://dantri.com.vn/xa-hoi/duong-nguyen-tat-thanh-dung-dau-bang-ve-un-u-giao-thong-o-tphcm-20241022143532080.htm
Xã Hội,https://dantri.com.vn/xa-hoi/bao-tra-mi-di-chuyen-nhanh-tiep-tuc-tang-cap-20241022143415896.htm
Xã Hội,https://dantri.com.vn/xa-hoi/du-an-duong-1800-ty-dong-mac-ket-vi-mot-tru-dien-20241022133137399.htm
Xã Hội,https://dantri.com.vn/xa-hoi/tinh-kha-thi-yeu-to-ghi-diem-o-cuoc-thi-sang-kien-an-toan-giao-thong-20241022182203916.htm
Xã Hội,https://dantri.com.vn/xa-hoi/mot-vien-thuoc-duoc-qua-bao-nhieu-tang-trung-gian-ty-le-loi-nhuan-the-nao-20241022132325806.htm
Xã Hội,https://dantri.com.vn/xa-hoi/bao-yagi-do-bo-lan-dau-tien-viet-nam-do-duoc-gio-giat-cap-17-20241022125111982.htm
Xã Hội,https://dantri.com.vn/xa-hoi/cau-bach-dang-2-o-binh-duong-da-thong-xe-nhung-duong-dan-chua-hoan-thien-20241022130432434.htm
Xã Hội,https://dantri.com.vn/xa-hoi/chay-nha-kho-o-tphcm-20241022082357085.htm
Xã Hội,https://dantri.com.vn/xa-hoi/vi-sao-ty-le-giai-ngan-dau-tu-cong-o-binh-duong-thap-20241021142546023.htm
Xã Hội,https://dantri.com.vn/xa-hoi/nhung-the-he-mac-ket-voi-du-an-ga-dau-moi-thu-thiem-20241017162214069.htm
Xã Hội,https://dantri.com.vn/xa-hoi/chay-lon-tai-mot-cong-ty-o-hai-duong-20241022063957994.htm
Xã Hội,https://dantri.com.vn/xa-hoi/cong-nghe-so-dong-luc-dua-viet-nam-but-pha-trong-ky-nguyen-moi-20241020145916089.htm
Xã Hội,https://dantri.com.vn/xa-hoi/bai-toan-mang-cong-nghe-duong-sat-toc-do-cao-ve-viet-nam-20241022001059285.htm
Xã Hội,https://dantri.com.vn/xa-hoi/phia-sau-cau-chuyen-cua-nhung-nguoi-ham-giau-truoc-20241021204406630.htm
Xã Hội,https://dantri.com.vn/xa-hoi/cau-bac-qua-song-kon-bi-xoi-lo-lo-11-mong-tru-20241021191351409.htm
Xã Hội,https://dantri.com.vn/xa-hoi/de-xuat-cam-ban-online-thuoc-ke-don-thuoc-phai-kiem-soat-dac-biet-20241021233552974.htm
Xã Hội,https://dantri.com.vn/xa-hoi/theo-chan-biet-doi-bay-anh-thu-hoang-da-vqg-cat-tien-20241022042735439.htm
Xã Hội,https://dantri.com.vn/xa-hoi/chan-dung-tan-chu-tich-nuoc-luong-cuong-20241021113513473.htm
Xã Hội,https://dantri.com.vn/xa-hoi/may-bay-di-han-quoc-bi-mop-dau-phai-do-lai-san-bay-da-nang-20241021152206924.htm
Xã Hội,https://dantri.com.vn/xa-hoi/tan-chu-tich-nuoc-toi-tuyet-nhien-khong-mo-lam-den-cap-nay-chuc-kia-20241021165639356.htm
Xã Hội,https://dantri.com.vn/xa-hoi/ong-luong-cuong-giu-chuc-chu-tich-nuoc-20241020215545176.htm
Xã Hội,https://dantri.com.vn/xa-hoi/bac-bo-chuan-bi-don-dot-khong-khi-lanh-tang-cuong-20241021162459942.htm
Xã Hội,https://dantri.com.vn/xa-hoi/duong-huyet-mach-o-tphcm-un-tac-hon-600-lan-trong-nam-20241021152944949.htm
Xã Hội,https://dantri.com.vn/xa-hoi/hang-tram-nguoi-mat-an-mat-ngu-khi-3-duong-day-huy-dong-von-tuyen-bo-vo-no-20241021143547350.htm
Xã Hội,https://dantri.com.vn/xa-hoi/gia-han-thao-do-biet-thu-xay-trai-phep-cua-dai-gia-binh-thuan-20241021143042706.htm
Xã Hội,https://dantri.com.vn/xa-hoi/dot-dong-rac-ven-duong-lam-chay-o-to-20241021142645018.htm
Xã Hội,https://dantri.com.vn/xa-hoi/nguyen-can-bo-tai-chinh-xa-tu-vong-tai-tru-so-20241021141156923.htm
Xã Hội,https://dantri.com.vn/xa-hoi/hai-nu-thanh-vien-chinh-phu-co-the-dang-dan-tra-loi-chat-van-truoc-quoc-hoi-20241021141030703.htm
Xã Hội,https://dantri.com.vn/xa-hoi/cu-tri-lo-lang-ve-tinh-trang-bao-hanh-doi-voi-hoc-sinh-20241020232717988.htm
Xã Hội,https://dantri.com.vn/xa-hoi/lung-doan-thoi-gia-khien-viec-mua-ban-dat-chi-dien-ra-trong-gioi-dau-co-20241021111401439.htm
Xã Hội,https://dantri.com.vn/xa-hoi/vu-nguoi-tap-tu-vong-tai-phong-gym-canh-sat-xac-dinh-thoi-diem-bac-si-den-20241021110950054.htm
Xã Hội,https://dantri.com.vn/xa-hoi/thu-tuong-cai-gi-cu-ma-xau-thi-phai-bo-moi-ma-hay-thi-phai-lam-20241021104822981.htm
Xã Hội,https://dantri.com.vn/xa-hoi/tong-bi-thu-chu-tich-nuoc-dut-khoat-bo-tu-duy-khong-quan-duoc-thi-cam-20241021100916918.htm
Xã Hội,https://dantri.com.vn/xa-hoi/chu-tich-quoc-hoi-bau-chu-tich-nuoc-thao-luan-nhieu-du-an-luat-cap-thiet-20241021095939194.htm
Xã Hội,https://dantri.com.vn/xa-hoi/phat-hien-thi-the-co-gai-trong-chung-cu-mini-o-ha-noi-20241021092831829.htm
Xã Hội,https://dantri.com.vn/xa-hoi/bo-gtvt-can-sua-doi-cac-quy-dinh-de-thuan-loi-cho-nguoi-dan-doanh-nghiep-20241021091848270.htm
Xã Hội,https://dantri.com.vn/xa-hoi/lanh-dao-dang-nha-nuoc-va-cac-dbqh-vao-lang-vieng-chu-tich-ho-chi-minh-20241021075533686.htm
Xã Hội,https://dantri.com.vn/xa-hoi/rung-bien-gioi-bi-buc-tu-chat-pha-ngon-ngang-20241018090824900.htm
Xã Hội,https://dantri.com.vn/xa-hoi/cay-thi-700-nam-tuoi-duoc-bao-ve-nghiem-ngat-o-thanh-hoa-20241019112522242.htm
Xã Hội,https://dantri.com.vn/xa-hoi/chinh-thuc-dua-du-an-duong-sat-toc-do-cao-bac-nam-ra-quoc-hoi-20241020204712948.htm
Xã Hội,https://dantri.com.vn/xa-hoi/tong-bi-thu-chu-tich-nuoc-xu-ly-thay-the-lanh-dao-tham-nhung-lang-phi-20241020204911624.htm
Xã Hội,https://dantri.com.vn/xa-hoi/xac-minh-clip-xe-khach-16-cho-chen-o-to-tai-tren-cao-toc-noi-bai-lao-cai-20241020190740740.htm
Xã Hội,https://dantri.com.vn/xa-hoi/ha-noi-nguoi-phu-nu-dieu-khien-xe-may-sh-tu-vong-tren-cau-vinh-tuy-20241020185324760.htm
Xã Hội,https://dantri.com.vn/xa-hoi/giai-cuu-nguoi-dan-ong-bay-du-luon-mac-ket-tren-day-dien-20241020181400507.htm
Xã Hội,https://dantri.com.vn/xa-hoi/danh-tinh-3-nan-nhan-tu-vong-trong-vu-xe-tai-cho-dam-go-lat-o-quy-nhon-20241020172750420.htm
Xã Hội,https://dantri.com.vn/xa-hoi/sua-doi-loat-chinh-sach-lon-ve-gia-mua-ban-dien-sinh-hoat-quy-hoach-dien-20241020165617461.htm
Xã Hội,https://dantri.com.vn/xa-hoi/ong-luong-tam-quang-va-nguyen-tan-cuong-duoc-thang-ham-dai-tuong-20241020083519411.htm
Xã Hội,https://dantri.com.vn/xa-hoi/trung-uong-co-khung-ve-duong-sat-toc-do-cao-bac-nam-20241020161710404.htm
Xã Hội,https://dantri.com.vn/xa-hoi/nhung-phuong-tien-nao-duoc-qua-cau-trung-ha-noi-ha-noi-voi-phu-tho-20241020154209193.htm
Xã Hội,https://dantri.com.vn/xa-hoi/mat-duong-bi-lun-sau-vu-xe-dau-keo-cho-cuon-ton-lat-nhao-o-binh-duong-20241020110002360.htm
Xã Hội,https://dantri.com.vn/xa-hoi/ben-trong-tuong-dai-con-tau-tap-ket-ra-bac-o-thanh-hoa-20241019101644827.htm
Xã Hội,https://dantri.com.vn/xa-hoi/se-tong-ket-20-nam-thuc-hien-mo-hinh-to-chuc-bo-may-chinh-phu-20241020082351996.htm
Xã Hội,https://dantri.com.vn/xa-hoi/nguyen-bi-thu-da-nang-dat-ten-duong-nguyen-ba-thanh-thoi-diem-nay-hop-ly-20241019105520661.htm
Xã Hội,https://dantri.com.vn/xa-hoi/nha-canh-dieu-tram-ty-o-hai-phong-xuong-cap-thanh-kho-chua-hang-hoa-20241020002045068.htm
Xã Hội,https://dantri.com.vn/xa-hoi/nguoi-bi-giu-bang-dh-30-nam-ly-giai-viec-kien-boi-thuong-tren-36-ty-dong-20241019185512867.htm
Xã Hội,https://dantri.com.vn/xa-hoi/cau-bac-qua-song-kon-co-nguy-co-sap-chinh-quyen-cam-bien-cam-o-to-20241019181820163.htm
Xã Hội,https://dantri.com.vn/xa-hoi/sau-tang-luong-thu-nhap-binh-quan-nguoi-lao-dong-tang-hon-500000-dong-20241019224218859.htm
Xã Hội,https://dantri.com.vn/xa-hoi/nhan-len-nhung-hat-giong-do-tren-que-huong-anh-hung-ly-tu-trong-20241018183752420.htm
Xã Hội,https://dantri.com.vn/xa-hoi/mot-nam-6-can-bo-toa-an-bi-buoc-thoi-viec-1-nguoi-bi-cach-chuc-20241019185743204.htm
Xã Hội,https://dantri.com.vn/xa-hoi/tuoc-bang-lai-tai-xe-o-to-di-nguoc-chieu-tren-cao-toc-noi-bai-lao-cai-20241019215900984.htm
Xã Hội,https://dantri.com.vn/xa-hoi/noi-trung-bay-hien-vat-goi-nho-ve-cuoc-doi-anh-hung-ly-tu-trong-20241019112331523.htm
Xã Hội,https://dantri.com.vn/xa-hoi/xuat-hien-ho-tu-than-sau-2m-gan-cho-soc-trang-20241019143827960.htm
Xã Hội,https://dantri.com.vn/xa-hoi/chu-tich-quoc-hoi-tran-thanh-man-du-phien-khai-mac-dai-hoi-dong-aipa-45-20241019144231705.htm
Xã Hội,https://dantri.com.vn/xa-hoi/qua-bom-nang-hon-mot-ta-phat-lo-trong-khu-dong-dan-cu-20241019123502814.htm
Xã Hội,https://dantri.com.vn/xa-hoi/tai-xe-taxi-cuu-ba-cu-khoi-vu-lua-dao-hang-tram-trieu-dong-20241019125106871.htm
Xã Hội,https://dantri.com.vn/xa-hoi/vu-dau-gia-mo-cat-373-ty-dong-chu-tich-quang-nam-chi-dao-xem-xet-20241019123524031.htm
Xã Hội,https://dantri.com.vn/xa-hoi/vai-ngay-toi-co-the-xuat-hien-bao-hoac-ap-thap-nhiet-doi-tren-bien-dong-20241019115923983.htm
Xã Hội,https://dantri.com.vn/xa-hoi/vinh-phuc-co-them-nhieu-lanh-dao-moi-20241019114351574.htm
Xã Hội,https://dantri.com.vn/xa-hoi/trieu-cuong-dat-dinh-tphcm-va-2-tinh-ha-luu-song-dong-nai-nguy-co-ngap-lut-20241019111658799.htm
Xã Hội,https://dantri.com.vn/xa-hoi/hon-20-gio-dau-gia-mo-cat-khoi-diem-12-ty-vot-len-gan-373-ty-dong-20241019104941654.htm
Thể Thao,https://dantri.com.vn/the-thao/thang-uzbekistan-2-0-tuyen-nu-viet-nam-cho-dau-trung-quoc-20241023191045885.htm
Thể Thao,https://dantri.com.vn/the-thao/cronaldo-cho-thay-suc-khoe-phi-thuong-cdv-nga-mu-than-phuc-20241023185320561.htm
Thể Thao,https://dantri.com.vn/the-thao/phung-phi-nhieu-co-hoi-u17-viet-nam-danh-chia-diem-voi-u17-kyrgyzstan-20241023184411881.htm
Thể Thao,https://dantri.com.vn/the-thao/bao-indonesia-lon-tieng-thach-thuc-tuyen-viet-nam-va-dong-nam-a-20241023160455486.htm
Thể Thao,https://dantri.com.vn/the-thao/hlv-flick-quyet-tam-danh-bai-bayern-munich-hlv-kompany-de-chung-yamal-20241023133006377.htm
Thể Thao,https://dantri.com.vn/the-thao/vinicius-tuyen-bo-bat-ngo-ve-co-hoi-gianh-qua-bong-vang-2024-20241023103851964.htm
Thể Thao,https://dantri.com.vn/the-thao/nhan-dinh-du-doan-ty-so-barcelona-vs-bayern-munich-02h00-ngay-2410-20241023112700988.htm
Thể Thao,https://dantri.com.vn/the-thao/lich-thi-dau-cua-u17-viet-nam-o-vong-loai-giai-chau-a-20241023105451323.htm
Thể Thao,https://dantri.com.vn/the-thao/nguoi-moi-tap-choi-pickleball-co-nen-vung-tien-mua-vot-xin-20241022224719265.htm
Thể Thao,https://dantri.com.vn/the-thao/lien-doan-billiards-snooker-viet-nam-bi-lien-doan-the-gioi-dinh-chi-1-nam-20241023083604286.htm
Thể Thao,https://dantri.com.vn/the-thao/djokovic-co-the-khong-du-paris-masters-nguy-co-vang-mat-o-atp-finals-20241023084905744.htm
Thể Thao,https://dantri.com.vn/the-thao/clb-pickleball-cong-an-nhan-dan-ra-mat-mau-ao-thi-dau-20241022211556717.htm
Thể Thao,https://dantri.com.vn/the-thao/hlv-mai-duc-chung-chia-se-truoc-them-doi-dau-uzbekistan-va-trung-quoc-20241022152354482.htm
Thể Thao,https://dantri.com.vn/the-thao/hlv-cristiano-roland-u17-viet-nam-o-bang-dau-khong-de-dang-20241022152915593.htm
Thể Thao,https://dantri.com.vn/the-thao/nhan-dinh-du-doan-ty-so-real-madrid-vs-dortmund-02h00-ngay-2310-20241022114809862.htm
Thể Thao,https://dantri.com.vn/the-thao/neymar-tai-xuat-trong-tran-cau-9-ban-thang-noi-dieu-dac-biet-voi-cdv-20241022095005122.htm
Thể Thao,https://dantri.com.vn/the-thao/hlv-ancelotti-yeu-cau-dac-biet-voi-mbappe-truoc-cuoc-so-tai-voi-dortmund-20241022075821955.htm
Thể Thao,https://dantri.com.vn/the-thao/hlv-ten-hag-muon-chien-thang-trong-cuoc-so-tai-voi-jose-mourinho-20241022094906454.htm
Thể Thao,https://dantri.com.vn/the-thao/djokovic-muon-gianh-them-grand-slam-trong-su-nghiep-20241022063857431.htm
Thể Thao,https://dantri.com.vn/the-thao/fifa-da-co-cau-tra-loi-ve-vu-bahrain-khong-muon-thi-dau-o-indonesia-20241021233133906.htm
Thể Thao,https://dantri.com.vn/the-thao/hlv-shin-tae-yong-phai-giai-trinh-khi-doi-tuyen-indonesia-thua-trung-quoc-20241021233010216.htm
Thể Thao,https://dantri.com.vn/the-thao/nadal-toi-khong-doi-thi-dau-o-davis-cup-bang-moi-gia-20241021064620888.htm
Thể Thao,https://dantri.com.vn/the-thao/lewandowski-lap-cu-dup-barcelona-dai-thang-sevilla-20241021062223953.htm
Thể Thao,https://dantri.com.vn/the-thao/danh-bai-chelsea-liverpool-doi-lai-ngoi-dau-bang-20241021052250868.htm
Thể Thao,https://dantri.com.vn/the-thao/hlv-guardiola-bao-ve-ban-thang-gay-tranh-cai-cua-man-city-20241021043512993.htm
Thể Thao,https://dantri.com.vn/the-thao/chuyen-gia-chau-au-chua-phai-luc-so-sanh-hlv-kim-sang-sik-voi-ong-park-20241019171630033.htm
Thể Thao,https://dantri.com.vn/the-thao/tien-linh-dua-binh-duong-di-tiep-van-lam-toa-sang-o-clb-ninh-binh-20241020212414362.htm
Thể Thao,https://dantri.com.vn/the-thao/man-city-ha-doi-bet-bang-nho-ban-thang-o-phut-bu-gio-20241020220724428.htm
Thể Thao,https://dantri.com.vn/the-thao/lionel-messi-co-hanh-dong-cuc-dep-cdv-tram-tro-than-phuc-20241020182630312.htm
Thể Thao,https://dantri.com.vn/the-thao/hlv-pep-guardiola-tiet-lo-quan-trong-ve-tuong-lai-20241020141543991.htm
Thể Thao,https://dantri.com.vn/the-thao/lionel-messi-sang-ruc-ro-khien-tat-ca-nga-mu-o-tuoi-xua-nay-hiem-20241020124930934.htm
Thể Thao,https://dantri.com.vn/the-thao/nhan-dinh-liverpool-chelsea-22h30-ngay-2010-cong-gioi-gap-thu-chac-20241020104721125.htm
Thể Thao,https://dantri.com.vn/the-thao/garnacho-hojlund-giup-man-utd-nguoc-dong-thang-brentford-20241019230705653.htm
Thể Thao,https://dantri.com.vn/the-thao/son-heung-min-lap-cong-tottenham-thang-dam-tran-derby-london-20241019222312517.htm
Thể Thao,https://dantri.com.vn/the-thao/ha-noi-fc-song-day-giay-cuoi-o-tran-cau-kich-tinh-voi-clb-cong-an-ha-noi-20241019213343595.htm
Thể Thao,https://dantri.com.vn/the-thao/rafaelson-toa-sang-giup-clb-nam-dinh-thang-dam-sl-nghe-an-20241019202553979.htm
Thể Thao,https://dantri.com.vn/the-thao/cong-phuong-ghi-ban-giup-clb-binh-phuoc-vuot-qua-vong-1-cup-quoc-gia-20241019191745496.htm
Thể Thao,https://dantri.com.vn/the-thao/tuyen-thu-han-quoc-thua-nhan-quay-len-clip-nong-sap-phai-di-tu-20241019190021263.htm
Thể Thao,https://dantri.com.vn/the-thao/video-cau-thu-thai-lan-be-mat-vi-an-mung-som-gay-sot-tren-mang-20241019172022040.htm
Thể Thao,https://dantri.com.vn/the-thao/sao-indonesia-dot-ngot-tang-gia-manh-gap-ruoi-ca-doi-viet-nam-cong-lai-20241019170049994.htm
Thể Thao,https://dantri.com.vn/the-thao/malaysia-duoc-bom-so-tien-cuc-lon-som-chot-hop-dong-voi-hlv-park-hang-seo-20241019134903100.htm
Thể Thao,https://dantri.com.vn/the-thao/neymar-gach-ten-messi-chi-dich-danh-cau-thu-se-nhan-qua-bong-vang-2024-20241019073624490.htm
Thể Thao,https://dantri.com.vn/the-thao/co-thu-viet-nam-bi-cam-thi-dau-va-su-phuc-tap-cua-he-thong-the-gioi-20241018150911648.htm
Thể Thao,https://dantri.com.vn/the-thao/lamine-yamal-nhan-duoc-de-nghi-cao-ky-luc-the-gioi-20241018131226616.htm
Thể Thao,https://dantri.com.vn/the-thao/hlv-polking-het-loi-khen-van-quyet-tu-tin-danh-bai-clb-ha-noi-20241018145937516.htm
Thể Thao,https://dantri.com.vn/the-thao/truyen-thong-indonesia-co-dong-vien-lam-xau-hinh-anh-doi-tuyen-20241018104638607.htm
Thể Thao,https://dantri.com.vn/the-thao/lien-tiep-don-tin-du-man-utd-lao-dao-trong-giong-bao-20241018111400999.htm
Thể Thao,https://dantri.com.vn/the-thao/bao-tay-ban-nha-vinh-danh-messi-la-cau-thu-thanh-cong-nhat-moi-thoi-dai-20241018081144511.htm
Thể Thao,https://dantri.com.vn/the-thao/djokovic-guc-nga-truoc-sinner-nadal-that-bai-duoi-tay-alcaraz-20241018070827648.htm
Thể Thao,https://dantri.com.vn/the-thao/phan-ung-cua-hlv-shin-tae-yong-khi-bahrain-khong-muon-da-tren-san-indonesia-20241017233018909.htm
Thể Thao,https://dantri.com.vn/the-thao/erik-ten-hag-chua-bi-tram-va-su-hon-loan-khong-loi-thoat-o-man-utd-20241017181010843.htm
Thể Thao,https://dantri.com.vn/the-thao/giai-chau-a-co-bien-u17-viet-nam-bat-ngo-gap-kho-20241017194504490.htm
Thể Thao,https://dantri.com.vn/the-thao/cau-thu-trung-quoc-noi-thang-ve-suc-manh-cua-dan-sao-nhap-tich-indonesia-20241017184833931.htm
Thể Thao,https://dantri.com.vn/the-thao/truyen-thong-indonesia-chi-ra-3-cau-thu-doi-nha-xung-dang-khoac-ao-man-utd-20241017081051656.htm
Thể Thao,https://dantri.com.vn/the-thao/sinner-tai-ngo-djokovic-alcaraz-doi-dau-nadal-o-giai-six-kings-slam-20241017064010028.htm
Thể Thao,https://dantri.com.vn/the-thao/bahrain-dua-ra-de-nghi-bat-ngo-trong-tran-tai-dau-doi-tuyen-indonesia-20241016220527414.htm
Thể Thao,https://dantri.com.vn/the-thao/hlv-thomas-tuchel-dat-muc-tieu-vo-dich-world-cup-cung-doi-tuyen-anh-20241016235806710.htm
Thể Thao,https://dantri.com.vn/the-thao/doi-tuyen-indonesia-guc-nga-truoc-trung-quoc-ao-tuong-ve-giac-mo-world-cup-20241016215230984.htm
Thể Thao,https://dantri.com.vn/the-thao/cronaldo-tuc-gian-lionel-messi-khien-tat-ca-phai-nga-mu-20241016192646198.htm
Thể Thao,https://dantri.com.vn/the-thao/tuyen-viet-nam-nhan-tin-du-bi-thai-lan-bo-xa-chua-tung-thay-20241016183802999.htm
Thể Thao,https://dantri.com.vn/the-thao/pho-chu-tich-vff-doi-tuyen-viet-nam-phan-dau-vo-dich-aff-cup-2024-20241015232209912.htm
Thể Thao,https://dantri.com.vn/the-thao/bao-indonesia-bat-ngo-chi-trich-tham-te-hlv-shin-tae-yong-20241016132054883.htm
Thể Thao,https://dantri.com.vn/the-thao/dut-mach-ghi-ban-cronaldo-co-hanh-dong-dang-xau-ho-20241016120526808.htm
Thể Thao,https://dantri.com.vn/the-thao/tien-dao-trung-quoc-tiet-lo-ly-do-bat-khoc-khi-ghi-ban-vao-luoi-indonesia-20241015233800637.htm
Thể Thao,https://dantri.com.vn/the-thao/hlv-shin-tae-yong-soc-khi-indonesia-that-bai-truoc-trung-quoc-20241015232504676.htm
Thể Thao,https://dantri.com.vn/the-thao/cdv-chau-a-indonesia-qua-ao-tuong-danh-gia-thap-doi-tuyen-trung-quoc-20241015225946307.htm
Thể Thao,https://dantri.com.vn/the-thao/man-utd-cat-viec-cua-cuu-huan-luyen-vien-alex-ferguson-20241015205722303.htm
Thể Thao,https://dantri.com.vn/the-thao/nhat-ban-hoa-australia-theo-kich-ban-ky-la-han-quoc-danh-bai-iraq-20241015200955171.htm
Thể Thao,https://dantri.com.vn/the-thao/nu-van-dong-vien-viet-nam-lap-ky-tich-o-giai-dua-khac-nghiet-nhat-the-gioi-20241015205408211.htm
Thể Thao,https://dantri.com.vn/the-thao/bruno-fernandes-nhan-trach-nhiem-ve-phong-do-yeu-kem-tai-man-utd-20241015190043485.htm
Thể Thao,https://dantri.com.vn/the-thao/kylian-mbappe-phan-ung-du-doi-truoc-cao-buoc-hiep-dam-20241015183752167.htm
Thể Thao,https://dantri.com.vn/the-thao/dang-thang-hoa-indonesia-bat-ngo-that-bai-truoc-trung-quoc-20241015181757706.htm
Thể Thao,https://dantri.com.vn/the-thao/madam-pang-thuong-lon-cho-doi-tuyen-thai-lan-sau-ngoi-vo-dich-kings-cup-20241015125847335.htm
Thể Thao,https://dantri.com.vn/the-thao/tinh-canh-trai-nguoc-cua-messi-va-ronaldo-o-doi-tuyen-quoc-gia-20241015100058480.htm
Thể Thao,https://dantri.com.vn/the-thao/phap-danh-bai-bi-duc-vuot-qua-ha-lan-italy-thang-dam-tai-nations-league-20241015063628082.htm
Thể Thao,https://dantri.com.vn/the-thao/kylian-mbappe-duoc-dong-doi-o-tuyen-phap-bao-ve-20241015065509721.htm
Thể Thao,https://dantri.com.vn/the-thao/hlv-shin-tae-yong-neu-len-dieu-buc-xuc-truoc-tran-gap-trung-quoc-20241014230436339.htm
Thể Thao,https://dantri.com.vn/the-thao/san-van-dong-lau-doi-nhat-viet-nam-xuong-cap-nghiem-trong-20241014205328046.htm
Thể Thao,https://dantri.com.vn/the-thao/chanathip-lap-sieu-pham-thai-lan-gianh-kings-cup-theo-kich-ban-nghet-tho-20241014225033544.htm
Thể Thao,https://dantri.com.vn/the-thao/pep-guardiola-messi-la-cau-thu-vi-dai-nhat-lich-su-20241014212914148.htm
Thể Thao,https://dantri.com.vn/the-thao/huynh-nhu-va-cac-dong-doi-nhan-tien-thuong-lon-tu-afc-20241014213830431.htm
Thể Thao,https://dantri.com.vn/the-thao/thuc-trang-dang-lo-va-mong-lung-cua-doi-tuyen-viet-nam-20241014192715018.htm
Thể Thao,https://dantri.com.vn/the-thao/lien-doan-billiards-snooker-viet-nam-gap-don-vi-chu-quan-cua-vdv-yen-nhi-20241014191536315.htm
Thể Thao,https://dantri.com.vn/the-thao/afc-ra-phan-quyet-bat-ngo-vu-indonesia-kien-trong-tai-cuop-chien-thang-20241014162601428.htm
Thể Thao,https://dantri.com.vn/the-thao/cac-doi-thu-cua-tuyen-viet-nam-thi-dau-thieu-on-dinh-truoc-aff-cup-2024-20241013234652251.htm
Thể Thao,https://dantri.com.vn/the-thao/chuyen-gia-doi-tuyen-viet-nam-thieu-on-dinh-tu-loi-choi-den-nhan-su-20241013232828938.htm
Thể Thao,https://dantri.com.vn/the-thao/tay-co-nguoi-philippines-vo-dich-hanoi-open-pool-2024-20241014064320895.htm
Thể Thao,https://dantri.com.vn/the-thao/danh-bai-djokovic-sinner-lan-dau-vo-dich-thuong-hai-masters-20241013180001216.htm
Thể Thao,https://dantri.com.vn/the-thao/hlv-philippe-troussier-danh-loi-khen-ngoi-dac-biet-cho-van-quyet-20241013172609270.htm
Thể Thao,https://dantri.com.vn/the-thao/bao-dong-nam-a-nhan-xet-phu-phang-ve-doi-tuyen-viet-nam-20241013144713574.htm
Thể Thao,https://dantri.com.vn/the-thao/doi-tuyen-viet-nam-don-tin-buon-khi-bi-thai-lan-ngay-cang-bo-xa-20241013130047378.htm
Thể Thao,https://dantri.com.vn/the-thao/ronaldo-ghi-ban-giup-bo-dao-nha-thang-ba-lan-tay-ban-nha-danh-bai-dan-mach-20241013072917414.htm
Thể Thao,https://dantri.com.vn/the-thao/bao-an-do-binh-luan-khi-doi-nha-cam-chan-tuyen-viet-nam-20241013002154138.htm
Thể Thao,https://dantri.com.vn/the-thao/sinner-djokovic-vao-chung-ket-thuong-hai-masters-20241013081216419.htm
Thể Thao,https://dantri.com.vn/the-thao/huynh-nhu-tam-chia-tay-3-ngoai-binh-va-hlv-truong-cua-doi-nu-tphcm-20241013000428393.htm
Thể Thao,https://dantri.com.vn/the-thao/hinh-anh-cuoi-ra-nuoc-mat-trong-tran-dau-cua-thai-lan-20241012134227891.htm
Thể Thao,https://dantri.com.vn/the-thao/bao-chi-the-gioi-du-doan-ket-qua-tran-tuyen-viet-nam-dung-do-an-do-20241012115842816.htm
Thể Thao,https://dantri.com.vn/the-thao/hlv-tuyen-trung-quoc-thua-nhan-suc-manh-dang-gom-cua-indonesia-20241012074621042.htm
Thể Thao,https://dantri.com.vn/the-thao/duc-thang-nhoc-nhan-ha-lan-hoa-that-vong-o-uefa-nations-league-20241012062657909.htm
Thể Thao,https://dantri.com.vn/the-thao/chuyen-gia-doi-tuyen-viet-nam-se-thang-an-do-va-dinh-hinh-bo-khung-20241011211842124.htm
Thể Thao,https://dantri.com.vn/the-thao/nhan-dinh-tuyen-viet-nam-an-do-18h-hom-nay-thang-de-tao-niem-tin-20241011175003795.htm
Thể Thao,https://dantri.com.vn/the-thao/chanathip-ghi-ban-tuyen-thai-lan-thang-philippines-o-ban-ket-kings-cup-20241012005433451.htm
Thể Thao,https://dantri.com.vn/the-thao/nguoc-dong-ha-tay-vot-19-tuoi-djokovic-vao-ban-ket-thuong-hai-masters-20241012003505789.htm
Thể Thao,https://dantri.com.vn/the-thao/hlv-an-do-tu-tin-thang-doi-tuyen-viet-nam-tai-thien-truong-20241011200222293.htm
Thể Thao,https://dantri.com.vn/the-thao/bao-thai-lan-buc-xuc-trong-tai-xu-ep-indonesia-keu-oan-cho-tuyen-viet-nam-20241011192815181.htm
Thể Thao,https://dantri.com.vn/the-thao/federer-djokovic-danh-loi-tri-an-den-nadal-20241011080830923.htm
Thể Thao,https://dantri.com.vn/the-thao/bao-indonesia-buc-xuc-voi-trong-tai-to-cao-doi-nha-bi-gian-lan-trang-tron-20241011020049567.htm
Thể Thao,https://dantri.com.vn/the-thao/messi-kem-duyen-argentina-bi-cam-hoa-o-vong-loai-world-cup-2026-20241011070653838.htm
Thể Thao,https://dantri.com.vn/the-thao/tuyen-anh-thua-hy-lap-italy-hoa-bi-phap-thang-dam-o-uefa-nations-league-20241011064640952.htm
Thể Thao,https://dantri.com.vn/the-thao/nhat-ban-toan-thang-han-quoc-bat-bai-tai-vong-loai-world-cup-2026-20241011031837275.htm
Thể Thao,https://dantri.com.vn/the-thao/sinner-lan-dau-vao-ban-ket-alcaraz-thua-soc-tai-thuong-hai-masters-20241010235907638.htm
Thể Thao,https://dantri.com.vn/the-thao/indonesia-roi-chien-thang-vo-cung-tiec-nuoi-vi-tranh-cai-lo-co-hoi-lich-su-20241010221543817.htm
Thể Thao,https://dantri.com.vn/the-thao/hlv-kim-sang-sik-tim-doi-hinh-toi-uu-cho-doi-tuyen-viet-nam-20241010203418098.htm
Thể Thao,https://dantri.com.vn/the-thao/messi-va-doi-tuyen-argentina-meo-mat-vi-sieu-bao-milton-20241010192937409.htm
Thể Thao,https://dantri.com.vn/the-thao/tuyen-bong-ban-nu-mat-chuc-vo-dich-hlv-trung-quoc-co-hanh-dong-gay-phan-no-20241010161746137.htm
Thể Thao,https://dantri.com.vn/the-thao/bi-nguoc-dong-trung-quoc-thua-tran-thu-3-lien-tiep-o-vong-loai-world-cup-20241010190423731.htm
Thể Thao,https://dantri.com.vn/the-thao/nghich-ly-tien-bac-cua-bong-da-viet-nam-20241010002633920.htm
Thể Thao,https://dantri.com.vn/the-thao/cuu-ngoai-binh-hagl-co-the-doi-dien-voi-rac-roi-ve-phap-ly-20241010013040855.htm
Thể Thao,https://dantri.com.vn/the-thao/lan-dau-trong-lich-su-mot-doi-bong-da-nu-viet-nam-vao-tu-ket-giai-chau-a-20241010002512076.htm
Thể Thao,https://dantri.com.vn/the-thao/sinner-alcaraz-va-djokovic-vao-tu-ket-thuong-hai-masters-20241010021445818.htm
Thể Thao,https://dantri.com.vn/the-thao/thang-doi-bong-an-do-clb-nu-tphcm-tien-vao-tu-ket-cup-chau-a-20241009214351921.htm
Thể Thao,https://dantri.com.vn/the-thao/nu-trong-tai-lo-video-nhay-cam-voi-quan-chuc-dang-tuoi-cha-va-cai-ket-dang-20241009195452342.htm
Thể Thao,https://dantri.com.vn/the-thao/bui-vi-hao-lap-cu-dup-doi-tuyen-viet-nam-thang-clb-nam-dinh-20241009194952533.htm
Thể Thao,https://dantri.com.vn/the-thao/cuoc-dua-tuoi-xe-chieu-cua-messi-va-cronaldo-khong-ai-chiu-thua-ai-20241009191655580.htm
Thể Thao,https://dantri.com.vn/the-thao/du-doan-thoi-diem-hlv-ten-hag-bi-sa-thai-o-man-utd-20241009162725788.htm
Thể Thao,https://dantri.com.vn/the-thao/tuyen-nu-viet-nam-luyen-quan-truoc-chuyen-du-dau-tai-trung-quoc-20241009082821832.htm
Giải trí,https://dantri.com.vn/giai-tri/park-jihoon-wanna-one-sap-tro-lai-viet-nam-bieu-dien-tai-tphcm-20241023135556687.htm
Giải trí,https://dantri.com.vn/giai-tri/chuyen-tinh-co-tro-lang-man-giua-liam-payne-va-my-nhan-hon-10-tuoi-20241022090048389.htm
Giải trí,https://dantri.com.vn/giai-tri/ban-trai-tin-don-kem-9-tuoi-cua-angelina-jolie-la-ai-20241023104649724.htm
Giải trí,https://dantri.com.vn/giai-tri/hoa-hau-que-anh-trinh-dien-ao-tam-goi-cam-khoe-chan-voi-dam-xe-cao-20241023091913324.htm
Giải trí,https://dantri.com.vn/giai-tri/phuong-oanh-bat-ngo-thi-nhay-shark-binh-khong-biet-ghen-ung-ho-het-minh-20241022191327275.htm
Giải trí,https://dantri.com.vn/giai-tri/thay-gi-tu-viec-hon-50000-nguoi-chi-gan-100-ty-dong-xem-3-show-anh-trai-20241022102151250.htm
Giải trí,https://dantri.com.vn/giai-tri/nu-chinh-ngay-xua-co-mot-chuyen-tinh-ke-ly-do-bat-khoc-khi-dong-canh-nong-20241022192123083.htm
Giải trí,https://dantri.com.vn/giai-tri/phuong-oanh-bat-ngo-thi-buoc-nhay-hoan-vu-duoc-shark-binh-co-vu-20241022150828202.htm
Giải trí,https://dantri.com.vn/giai-tri/chuoi-thanh-tich-ruc-ro-voi-apt-giup-rose-qua-mat-jennie-va-lisa-20241022113425760.htm
Giải trí,https://dantri.com.vn/giai-tri/ong-trum-diddy-bi-to-xam-hai-tinh-duc-be-gai-13-tuoi-20241022141201652.htm
Giải trí,https://dantri.com.vn/giai-tri/ly-do-nguoi-dep-myanmar-khoc-nuc-no-sau-phan-trinh-dien-trang-phuc-dan-toc-20241016081530520.htm
Giải trí,https://dantri.com.vn/giai-tri/hon-nhan-cua-4-nu-nsnd-la-my-nhan-man-anh-ha-thanh-20241020115449485.htm
Giải trí,https://dantri.com.vn/giai-tri/que-anh-bien-hinh-an-tuong-trinh-dien-trang-phuc-dan-toc-nang-12kg-20241021092624664.htm
Giải trí,https://dantri.com.vn/giai-tri/phuong-my-chi-hat-duoi-mua-lam-lem-dau-toc-khan-gia-co-vu-suot-3-tieng-20241021070022549.htm
Giải trí,https://dantri.com.vn/giai-tri/ong-trum-diddy-khong-tu-bo-viec-xin-tai-ngoai-bi-dieu-tra-them-toi-moi-20241020100504188.htm
Giải trí,https://dantri.com.vn/giai-tri/nu-sieu-mau-chi-cao-165m-tung-dong-bom-tan-2-fast-2-furious-la-ai-20241014181425546.htm
Giải trí,https://dantri.com.vn/giai-tri/tung-duong-noi-ly-do-chua-tung-khoe-vo-tuoi-41-tu-tin-be-gay-sung-trau-20241021002633103.htm
Giải trí,https://dantri.com.vn/giai-tri/hoa-hau-hoa-binh-ukraine-bo-thi-truoc-ban-ket-to-ban-to-chuc-boc-lot-20241020121433513.htm
Giải trí,https://dantri.com.vn/giai-tri/vo-kem-15-tuoi-cua-nsnd-cong-ly-toi-khong-bat-hanh-20241020134525496.htm
Giải trí,https://dantri.com.vn/giai-tri/thi-the-cua-thanh-vien-nhom-one-direction-duoc-dua-ve-anh-20241020130454303.htm
Giải trí,https://dantri.com.vn/giai-tri/show-anh-trai-xin-loi-vi-de-minh-tuyet-gian-doi-bo-ve-giua-chung-20241020140526067.htm
Giải trí,https://dantri.com.vn/giai-tri/ninh-binh-se-la-truong-quay-noi-tieng-hut-cac-nha-lam-phim-the-gioi-20241019201756619.htm
Giải trí,https://dantri.com.vn/giai-tri/gia-the-khung-khoi-tai-san-dang-ne-cua-my-nhan-thai-vua-bi-bat-vi-lua-dao-20241019140853851.htm
Giải trí,https://dantri.com.vn/giai-tri/hang-ngan-khan-gia-het-doi-nang-den-chay-mua-khi-xem-2-concert-anh-trai-20241019164948637.htm
Giải trí,https://dantri.com.vn/giai-tri/ca-khuc-moi-cua-rose-vuot-25-trieu-luot-xem-gay-sot-mang-xa-hoi-20241019112326405.htm
Giải trí,https://dantri.com.vn/giai-tri/my-nhan-thai-lan-bi-bat-vi-lua-dao-mat-an-mat-ngu-trong-trai-giam-20241019095522762.htm
Giải trí,https://dantri.com.vn/giai-tri/vu-tu-long-mang-nghe-si-tre-o-tong-duyet-concert-btc-anh-trai-len-tieng-20241019084702587.htm
Giải trí,https://dantri.com.vn/giai-tri/di-giua-troi-ruc-ro-ket-thuc-dep-nhung-chong-vanh-gay-tiec-nuoi-20241019082913143.htm
Giải trí,https://dantri.com.vn/giai-tri/goi-y-4-mau-giay-ly-tuong-cho-mua-thu-dong-nam-nay-20241018101846545.htm
Giải trí,https://dantri.com.vn/giai-tri/hong-nhung-ke-chuyen-tung-khoc-phai-cau-cuu-nhac-si-trinh-cong-son-20241019021637162.htm
Giải trí,https://dantri.com.vn/giai-tri/nu-mc-xinh-dep-gay-an-tuong-khi-dan-show-tu-tau-bond-mac-ao-dai-o-ha-noi-20241016133027981.htm
Giải trí,https://dantri.com.vn/giai-tri/bo-van-hoa-se-xay-dung-bao-tang-tien-va-4-nha-hat-co-suc-chua-1200-cho-20241018181622864.htm
Giải trí,https://dantri.com.vn/giai-tri/cong-bo-nguyen-nhan-va-hien-truong-tu-vong-cua-thanh-vien-one-direction-20241018083713453.htm
Giải trí,https://dantri.com.vn/giai-tri/5-kieu-giay-doc-dao-giup-nang-cap-tu-do-cua-phu-nu-20240920140448785.htm
Giải trí,https://dantri.com.vn/giai-tri/hoa-hau-giang-my-tuoi-53-o-biet-thu-1000m2-ra-duong-bi-nham-la-sinh-vien-20241011121655539.htm
Giải trí,https://dantri.com.vn/giai-tri/ca-si-ngoc-anh-tuoi-60-tan-huong-cuoc-song-sau-nhieu-nam-lam-me-don-than-20241017202919760.htm
Giải trí,https://dantri.com.vn/giai-tri/chiec-tui-louis-vuitton-gay-sot-voi-gia-ban-1-trieu-usd-co-dinh-kim-cuong-20241009083335850.htm
Giải trí,https://dantri.com.vn/giai-tri/a-hau-an-chay-ngoc-hang-tap-nhay-7-tiengngay-kho-tranh-khoi-chan-thuong-20241017102030972.htm
Giải trí,https://dantri.com.vn/giai-tri/tranh-cai-quanh-man-trinh-dien-gay-sot-mang-xa-hoi-cua-lisa-tai-show-noi-y-20241017100723932.htm
Giải trí,https://dantri.com.vn/giai-tri/lisa-khoe-duong-cong-do-dang-voi-dan-mau-noi-y-nong-bong-20241017104913060.htm
Giải trí,https://dantri.com.vn/giai-tri/nha-van-nhu-binh-va-su-im-lang-biec-xanh-20241017104125178.htm
Giải trí,https://dantri.com.vn/giai-tri/cuoc-song-cua-cuu-thanh-vien-one-direction-liam-payne-truoc-khi-mat-20241017100403003.htm
Giải trí,https://dantri.com.vn/giai-tri/nguoi-dep-thoi-trang-khoe-dang-thon-voi-dam-da-hoi-va-trang-phuc-thanh-lich-20241016103410923.htm
Giải trí,https://dantri.com.vn/giai-tri/lisa-deo-canh-thien-than-mac-noi-y-dien-tai-victorias-secret-fashion-show-20241016111706980.htm
Giải trí,https://dantri.com.vn/giai-tri/truyen-nhan-ban-nhac-abba-dien-ao-dai-thuong-thuc-am-thuc-viet-nam-20241016104344060.htm
Giải trí,https://dantri.com.vn/giai-tri/joker-2-dung-truoc-nguy-co-lo-nang-20241016100332526.htm
Giải trí,https://dantri.com.vn/giai-tri/hoa-hau-que-anh-lot-top-15-thi-sinh-trinh-dien-ao-tam-dien-do-tao-bao-20241016085210263.htm
Giải trí,https://dantri.com.vn/giai-tri/dien-vien-ba-anh-sau-ly-hon-o-nha-thue-tuoi-50-san-sang-di-buoc-nua-20241016024327216.htm
Giải trí,https://dantri.com.vn/giai-tri/tinh-trang-dang-lo-cua-justin-bieber-mat-niem-tin-tinh-than-met-moi-20241015091550590.htm
Giải trí,https://dantri.com.vn/giai-tri/hot-girl-7-thu-tieng-mc-khanh-vy-bo-me-luon-keo-chan-toi-xuong-mat-dat-20241014142007064.htm
Giải trí,https://dantri.com.vn/giai-tri/hoa-hau-le-hoang-phuong-tap-6-tiengngay-de-tham-gia-buoc-nhay-hoan-vu-20241015211130931.htm
Giải trí,https://dantri.com.vn/giai-tri/phim-di-giua-troi-ruc-ro-dot-ngot-dung-chieu-dao-dien-noi-gi-20241015195908136.htm
Giải trí,https://dantri.com.vn/giai-tri/mc-hoang-oanh-xin-loi-vi-doc-ten-truong-giang-bo-sot-cris-phan-o-tham-do-20241015185246774.htm
Giải trí,https://dantri.com.vn/giai-tri/lisa-vuong-nghi-van-dao-keo-tham-my-phong-cach-ngay-cang-tao-bao-20241014091402079.htm
Giải trí,https://dantri.com.vn/giai-tri/thanh-hang-dien-dam-nang-15kg-noi-bat-tren-san-dien-thuong-hai-20241014153554842.htm
Giải trí,https://dantri.com.vn/giai-tri/chong-cu-cua-kim-kardashian-bi-to-hiep-dam-thue-nguoi-theo-doi-vo-20241014112814782.htm
Giải trí,https://dantri.com.vn/giai-tri/dan-nghe-si-viet-hoi-tu-cung-imagine-dragons-tai-8wonder-winter-2024-20241016112312387.htm
Giải trí,https://dantri.com.vn/giai-tri/giang-my-diem-my-6x-dien-cay-den-du-show-thoi-trang-tai-thuong-hai-20241014104329591.htm
Giải trí,https://dantri.com.vn/giai-tri/vo-ha-tram-sinh-con-trai-chong-an-do-bat-khoc-20241014112148832.htm
Giải trí,https://dantri.com.vn/giai-tri/pham-anh-khoa-noi-ve-be-boi-doi-tu-bo-nha-2-thang-cat-lien-lac-voi-vo-con-20241014101743600.htm
Giải trí,https://dantri.com.vn/giai-tri/hoa-hau-que-anh-va-cac-nguoi-dep-dien-ao-tam-goi-cam-tai-hoa-hau-hoa-binh-20241014100122911.htm
Giải trí,https://dantri.com.vn/giai-tri/bao-thy-tuoi-36-goi-cam-sau-giam-can-cham-vuon-cay-o-biet-thu-trieu-do-20241009095924547.htm
Giải trí,https://dantri.com.vn/giai-tri/nha-hat-cai-luong-xuong-cap-tuong-bong-troc-nghe-si-khong-co-thuong-tet-20241014022837767.htm
Giải trí,https://dantri.com.vn/giai-tri/ca-si-vu-bi-ha-anh-tuan-boc-chuyen-that-tinh-niu-keo-tinh-dau-that-bai-20241013012154931.htm
Giải trí,https://dantri.com.vn/giai-tri/7-kieu-tui-xach-sang-trong-dang-mua-vao-mua-thu-nam-nay-20240912141056678.htm
Giải trí,https://dantri.com.vn/giai-tri/8wonder-winter-2024-cong-bo-gia-ve-mo-ban-tu-1410-20241014155610449.htm
Giải trí,https://dantri.com.vn/giai-tri/doi-thuong-xinh-dep-goi-cam-cua-hot-girl-tay-bac-du-thi-hoa-hau-20241009152202672.htm
Giải trí,https://dantri.com.vn/giai-tri/hon-nhan-30-nam-vien-man-cua-nguoi-dong-duong-tang-va-phu-ba-hon-11-tuoi-20241011185825562.htm
Giải trí,https://dantri.com.vn/giai-tri/gen-z-ha-thanh-to-chuc-show-thoi-trang-tu-thiet-ke-hon-60-bo-vay-ao-20241012115228517.htm
Giải trí,https://dantri.com.vn/giai-tri/bon-mc-cau-truyen-hinh-truc-tiep-duong-len-dinh-olympia-2024-gay-chu-y-20241012134441902.htm
Giải trí,https://dantri.com.vn/giai-tri/ba-nam-nsnd-tuoi-u70-nguoi-co-vo-vi-goi-tra-gung-nguoi-nhan-giao-tiep-kem-20241012021611581.htm
Giải trí,https://dantri.com.vn/giai-tri/sao-nhi-bao-an-re-huong-hoc-dai-hoc-ngoai-thuong-tung-bat-khoc-vi-ap-luc-20241011201211559.htm
Giải trí,https://dantri.com.vn/giai-tri/chuyen-tinh-nhu-co-tich-cua-nu-ca-si-than-tuong-va-chang-trai-ngoi-xe-lan-20241011113007517.htm
Giải trí,https://dantri.com.vn/giai-tri/dien-vien-van-trang-sinh-con-thu-4-20241012095726937.htm
Giải trí,https://dantri.com.vn/giai-tri/ra-mat-bo-tem-chao-mung-70-nam-ngay-giai-phong-thu-do-20241010183239928.htm
Giải trí,https://dantri.com.vn/giai-tri/nu-ca-si-ty-phu-taylor-swift-ho-tro-5-trieu-usd-cho-nan-nhan-cua-bao-milton-20241011084910305.htm
Giải trí,https://dantri.com.vn/giai-tri/chan-dung-nu-nha-van-han-quoc-dau-tien-gianh-giai-nobel-van-hoc-20241010221920549.htm
Giải trí,https://dantri.com.vn/giai-tri/ban-hung-ca-pho-dua-khan-gia-tro-lai-voi-nhung-cau-chuyen-lich-su-20241011014022425.htm
Giải trí,https://dantri.com.vn/giai-tri/anh-trai-vuot-ngan-chong-gai-dang-hut-hoi-duoi-suc-20241005144235104.htm
Giải trí,https://dantri.com.vn/giai-tri/nu-nha-van-han-quoc-han-kang-gianh-giai-nobel-van-hoc-2024-20241010182206725.htm
Giải trí,https://dantri.com.vn/giai-tri/bat-chap-su-phan-doi-cua-fan-huynh-hieu-minh-dua-ban-gai-di-gap-ban-be-20241010113129162.htm
Giải trí,https://dantri.com.vn/giai-tri/van-hugo-chia-se-ve-hanh-trinh-tim-kiem-tinh-yeu-dich-thuc-20241010140206806.htm
Giải trí,https://dantri.com.vn/giai-tri/thuong-tin-thieu-tien-an-mot-minh-den-tphcm-tim-viec-lam-thue-20241010100943623.htm
Giải trí,https://dantri.com.vn/giai-tri/ngoi-dinh-co-luu-giu-nhieu-ky-niem-cua-thang-long-ha-noi-20241010100652376.htm
Giải trí,https://dantri.com.vn/giai-tri/nghe-si-phi-phung-nhac-ve-cha-qua-co-toi-tiec-vi-cha-chua-xem-toi-dien-20241009173103441.htm
Giải trí,https://dantri.com.vn/giai-tri/2-nguoi-dep-bo-thi-hoa-hau-hoa-binh-2024-20241009162312835.htm
Giải trí,https://dantri.com.vn/giai-tri/nu-dien-vien-vtv-sinh-nam-2003-gay-sot-voi-nhan-sac-doi-thuong-xinh-dep-20241008005426421.htm
Giải trí,https://dantri.com.vn/giai-tri/nhan-sac-doi-thuong-quyen-ru-cua-nguoi-dep-cao-bich-ngoc-20241007160408968.htm
Giải trí,https://dantri.com.vn/giai-tri/nhan-sac-cua-co-luc-na-trat-khong-cuu-duoc-phim-bom-tan-20241009112955614.htm
Giải trí,https://dantri.com.vn/giai-tri/an-tuong-hanh-trinh-hoi-sinh-cua-nghe-si-luu-hong-quang-20241009124504800.htm
Giải trí,https://dantri.com.vn/giai-tri/mua-thu-nam-nay-nen-dien-vay-voi-giay-boots-the-nao-de-trong-sanh-dieu-20240914210323860.htm
Giải trí,https://dantri.com.vn/giai-tri/hoa-hau-thanh-thuy-a-hau-bui-khanh-linh-nhan-sash-di-thi-quoc-te-20241009151057590.htm
Giải trí,https://dantri.com.vn/giai-tri/nguoi-dep-bi-tan-cong-giua-lum-xum-cua-cuoc-thi-hoa-hau-hoa-binh-2024-20241009093551363.htm
Giải trí,https://dantri.com.vn/giai-tri/tung-duong-hat-cung-4-nam-ca-si-tre-muon-lan-toa-nang-luong-tuoi-moi-20241009101658184.htm
Giải trí,https://dantri.com.vn/giai-tri/giao-su-hoang-dao-kinh-nhan-giai-thuong-bui-xuan-phai-2024-20241009004549254.htm
Giải trí,https://dantri.com.vn/giai-tri/cu-ba-82-tuoi-xuc-dong-nho-ve-ky-uc-cha-ong-qua-nhung-cua-o-ha-noi-20241007221317724.htm
Giải trí,https://dantri.com.vn/giai-tri/bong-hong-lai-mlee-toi-tram-cam-khi-bi-chi-trich-sau-mot-gameshow-20241005100828924.htm
Giải trí,https://dantri.com.vn/giai-tri/san-khau-the-gioi-tre-hop-khan-minh-du-phuong-lan-deu-khoc-20241007153926763.htm
Giải trí,https://dantri.com.vn/giai-tri/nhung-nguoi-theo-dau-van-bia-co-o-co-do-hue-20240905221005403.htm
Giải trí,https://dantri.com.vn/giai-tri/justin-bieber-de-lo-dang-voc-gay-guoc-nguoi-ham-mo-lo-lang-20241007120759716.htm
Giải trí,https://dantri.com.vn/giai-tri/ca-si-thien-nhan-noi-ve-ban-doi-dong-gioi-phan-hoi-khi-bi-che-het-thoi-20241007111302844.htm
Giải trí,https://dantri.com.vn/giai-tri/nha-mot-phap-dung-lau-dai-co-tich-san-kinh-vo-de-dien-thoi-trang-20241005220420858.htm
Giải trí,https://dantri.com.vn/giai-tri/ban-to-chuc-bung-no-tranh-cai-campuchia-mat-quyen-dang-cai-20241007104829914.htm
Giải trí,https://dantri.com.vn/giai-tri/ba-nu-dien-vien-vua-xuat-hien-tren-phim-vtv-gay-chu-y-20241006120619633.htm
Giải trí,https://dantri.com.vn/giai-tri/nghe-si-cheo-o-gac-xep-8m2-di-dien-cap-theo-con-cat-xe-khong-du-mua-pho-20241007011640658.htm
Giải trí,https://dantri.com.vn/giai-tri/phan-manh-quynh-bat-ngo-dong-vai-nguyen-nhat-anh-tren-man-anh-rong-20241006162924349.htm
Giải trí,https://dantri.com.vn/giai-tri/truoc-diddy-mot-ngoi-sao-dinh-dam-bi-ket-an-30-nam-tu-vi-toi-ac-tinh-duc-20241006125857383.htm
Giải trí,https://dantri.com.vn/giai-tri/phuong-trinh-jolie-xuc-dong-don-tuoi-moi-khi-mang-bau-lan-3-20241006151941196.htm
Giải trí,https://dantri.com.vn/giai-tri/hoa-hau-thuy-tien-pha-le-an-rau-de-kiem-tien-giup-tre-em-mo-coi-20241006145145179.htm
Giải trí,https://dantri.com.vn/giai-tri/hoa-hau-ngoc-han-lan-dau-cung-me-va-ba-ngoai-trinh-dien-thoi-trang-20241006143751102.htm
Giải trí,https://dantri.com.vn/giai-tri/hinh-anh-moi-cua-my-nam-van-nguoi-me-quach-phu-thanh-o-tuoi-59-20241005095708701.htm
Giải trí,https://dantri.com.vn/giai-tri/nhieu-nghe-si-tham-gia-dai-thuc-canh-ngay-hoi-van-hoa-vi-hoa-binh-20241006115724067.htm
Giải trí,https://dantri.com.vn/giai-tri/hari-won-buc-xuc-truoc-hanh-dong-kem-tinh-te-cua-my-nam-viet-o-show-hen-ho-20241006135334650.htm
Giải trí,https://dantri.com.vn/giai-tri/tieu-kim-tae-hee-ly-hon-chong-ngot-ngao-den-may-cung-tan-vo-sau-2-nam-20241006103902749.htm
Giải trí,https://dantri.com.vn/giai-tri/miss-cosmo-vap-tranh-cai-uu-ai-nguoi-dep-viet-loai-philippines-khoi-top-5-20241006111726460.htm
Giải trí,https://dantri.com.vn/giai-tri/phan-thi-bikini-nong-bong-cua-dan-nguoi-dep-quoc-te-tai-miss-cosmo-2024-20241006093934882.htm
Giải trí,https://dantri.com.vn/giai-tri/my-nhan-tan-cuong-buc-xuc-khi-bi-to-la-tu-ba-cap-ke-voi-nhan-vat-lon-20241005103229892.htm
Giải trí,https://dantri.com.vn/giai-tri/3-hot-girl-chuyen-gioi-noi-tieng-voi-ve-ngoai-xinh-dep-goi-cam-20240912124743045.htm
Giải trí,https://dantri.com.vn/giai-tri/thuy-diem-day-dut-vi-vai-dien-trong-phim-ba-gia-di-bui-20241005185519995.htm
Giải trí,https://dantri.com.vn/giai-tri/doan-quoc-dam-duy-hung-gay-bao-phim-vtv-dien-xuat-an-y-hut-trieu-view-20241005141310919.htm
Giải trí,https://dantri.com.vn/giai-tri/cau-chuyen-ve-co-gai-nhan-hoc-bong-hon-8-ty-dong-cua-dai-hoc-harvard-20241005130932034.htm
Giải trí,https://dantri.com.vn/giai-tri/cam-xuc-thang-10-ton-vinh-ve-dep-hao-hung-va-lang-man-cua-ha-noi-20241005100009818.htm
Giải trí,https://dantri.com.vn/giai-tri/phuong-lan-xin-loi-khan-gia-khang-dinh-van-giu-moi-quan-he-tot-voi-minh-du-20241005151019262.htm
Giải trí,https://dantri.com.vn/giai-tri/bich-thuy-nhung-neo-duong-gan-xa-lam-le-gia-tien-cung-chong-doanh-nhan-20241005122057837.htm
Giải trí,https://dantri.com.vn/giai-tri/em-gai-tran-thanh-anh-trai-khuyen-lam-nghe-si-phai-co-trai-chieu-20241003153321251.htm
Giải trí,https://dantri.com.vn/giai-tri/hoa-hau-dang-thu-thao-lan-dau-xac-nhan-sinh-con-lan-ba-20241005085611747.htm
Thế giới,https://dantri.com.vn/the-gioi/tho-nhi-ky-tan-cong-muc-tieu-o-iraq-va-syria-20241024072717885.htm
Thế giới,https://dantri.com.vn/the-gioi/hezbollah-xac-nhan-thu-linh-tuong-lai-da-chet-20241024054017760.htm
Thế giới,https://dantri.com.vn/the-gioi/tong-thong-ukraine-neu-buoc-dau-tien-de-cham-dut-xung-dot-voi-nga-20241024051148283.htm
Thế giới,https://dantri.com.vn/the-gioi/nga-nem-bom-cu-diem-kursk-ukraine-ton-that-nang-ne-20241024011020888.htm
Thế giới,https://dantri.com.vn/the-gioi/ong-trump-duoc-du-bao-chac-thang-theo-so-lieu-bo-phieu-som-20241023211330515.htm
Thế giới,https://dantri.com.vn/the-gioi/xa-sung-bat-giu-con-tin-tai-tap-doan-quoc-phong-tho-nhi-ky-4-nguoi-chet-20241023205343661.htm
Thế giới,https://dantri.com.vn/the-gioi/nga-belarus-thong-qua-ke-hoach-hop-tac-quan-su-den-nam-2027-20241023203714969.htm
Thế giới,https://dantri.com.vn/the-gioi/ve-tinh-co-lon-cua-boeing-bat-ngo-no-tung-tren-quy-dao-20241023153657456.htm
Thế giới,https://dantri.com.vn/the-gioi/ukraine-neu-kha-nang-dat-giai-phap-hoa-binh-cham-dut-xung-dot-20241023191720303.htm
Thế giới,https://dantri.com.vn/the-gioi/can-canh-nha-rieng-cua-thu-tuong-israel-bi-thiet-hai-sau-vu-uav-tan-cong-20241023160419694.htm
Thế giới,https://dantri.com.vn/the-gioi/tong-thong-putin-trat-tu-the-gioi-da-cuc-la-khong-the-dao-nguoc-20241023162450465.htm
Thế giới,https://dantri.com.vn/the-gioi/ty-phu-bill-gates-co-the-da-quyen-gop-50-trieu-usd-ung-ho-ba-harris-20241023135037514.htm
Thế giới,https://dantri.com.vn/the-gioi/chien-su-ukraine-2310-nga-ap-vao-selidove-tu-4-huong-kiev-co-the-rut-lui-20241023110717075.htm
Thế giới,https://dantri.com.vn/the-gioi/ong-trump-duoc-du-doan-thang-o-tat-ca-bang-chien-truong-20241023104901811.htm
Thế giới,https://dantri.com.vn/the-gioi/eu-chuan-bi-cho-kich-ban-thuong-chien-neu-ong-trump-dac-cu-20241023095725401.htm
Thế giới,https://dantri.com.vn/the-gioi/tong-cong-to-ukraine-tu-chuc-giua-be-boi-gian-lan-trong-tuyen-quan-20241023091404942.htm
Thế giới,https://dantri.com.vn/the-gioi/australia-tang-cuong-nang-luc-quoc-phong-mua-ten-lua-hien-dai-cua-my-20241023081732697.htm
Thế giới,https://dantri.com.vn/the-gioi/lanh-dao-nga-trung-quoc-ca-ngoi-quan-he-song-phuong-20241023081445179.htm
Thế giới,https://dantri.com.vn/the-gioi/thu-linh-khung-bo-is-o-iraq-bi-tieu-diet-20241023073904646.htm
Thế giới,https://dantri.com.vn/the-gioi/tim-thay-hop-den-may-bay-dan-su-bi-ban-roi-o-sudan-20241023073033093.htm
Thế giới,https://dantri.com.vn/the-gioi/nga-neu-dieu-kien-dat-thoa-thuan-hoa-binh-cham-dut-xung-dot-ukraine-20241023071250442.htm
Thế giới,https://dantri.com.vn/the-gioi/con-trai-ut-ong-ly-quang-dieu-xin-ti-nan-chinh-tri-tai-anh-20241022173720657.htm
Thế giới,https://dantri.com.vn/the-gioi/binh-si-israel-am-anh-sang-chan-tam-ly-sau-hon-mot-nam-chien-su-o-gaza-20241022152517110.htm
Thế giới,https://dantri.com.vn/the-gioi/nga-len-day-cot-binh-luc-vung-kursk-don-quan-cat-dut-phong-tuyen-ukraine-20241022141834809.htm
Thế giới,https://dantri.com.vn/the-gioi/my-cong-bo-ket-qua-dieu-tra-vu-am-sat-hut-ong-trump-20241022141507494.htm
Thế giới,https://dantri.com.vn/the-gioi/nga-dung-5-ten-lua-iskander-ha-muc-tieu-ukraine-20241021154521271.htm
Thế giới,https://dantri.com.vn/the-gioi/chien-su-ukraine-2210-nga-danh-lua-quan-kiev-bat-ngo-chiem-zoriane-20241022110737720.htm
Thế giới,https://dantri.com.vn/the-gioi/mo-phong-ben-trong-ham-chua-500-trieu-usd-tien-vang-cua-hezbollah-20241022111058532.htm
Thế giới,https://dantri.com.vn/the-gioi/an-do-trung-quoc-dat-thoa-thuan-ve-bien-gioi-tranh-chap-20241022104653334.htm
Thế giới,https://dantri.com.vn/the-gioi/quoc-gia-chau-au-keu-goi-dua-quan-toi-ukraine-20241022102204597.htm
Thế giới,https://dantri.com.vn/the-gioi/xung-dot-o-chao-lua-trung-dong-tac-dong-cuc-dien-bau-cu-my-ra-sao-20241016174806776.htm
Thế giới,https://dantri.com.vn/the-gioi/lo-hong-nghiem-trong-buoc-ukraine-phai-rut-quan-truoc-da-tien-cua-nga-20241022073202855.htm
Thế giới,https://dantri.com.vn/the-gioi/israel-pha-mang-luoi-gian-diep-trong-nuoc-lam-viec-cho-iran-20241021220225859.htm
Thế giới,https://dantri.com.vn/the-gioi/he-lo-2-yeu-cau-cua-israel-de-cham-dut-xung-dot-o-li-bang-20241021195315376.htm
Thế giới,https://dantri.com.vn/the-gioi/nga-bao-vay-pha-phong-tuyen-buoc-ukraine-rut-quan-khoi-bien-gioi-20241021192346047.htm
Thế giới,https://dantri.com.vn/the-gioi/nga-noi-hop-tac-voi-trieu-tien-khong-nham-vao-han-quoc-20241021163916190.htm
Thế giới,https://dantri.com.vn/the-gioi/quan-doi-ukraine-bi-keo-cang-nguy-hiem-tren-hon-1000km-tien-tuyen-20241021172233248.htm
Thế giới,https://dantri.com.vn/the-gioi/bo-truong-quoc-phong-my-bat-ngo-di-tau-hoa-den-thu-do-ukraine-20241021153915433.htm
Thế giới,https://dantri.com.vn/the-gioi/he-lo-vu-khi-israel-co-the-dung-de-dap-tra-iran-20241021151602825.htm
Thế giới,https://dantri.com.vn/the-gioi/trung-quoc-len-an-vu-tan-cong-vao-lanh-su-quan-o-myanmar-20241021154321459.htm
Thế giới,https://dantri.com.vn/the-gioi/nga-giao-tranh-can-chien-voi-ukraine-siet-vong-vay-huyet-mach-donbass-20241021150434776.htm
Thế giới,https://dantri.com.vn/the-gioi/israel-neu-dieu-kien-ngung-tan-cong-hezbollah-o-li-bang-20241021135842776.htm
Thế giới,https://dantri.com.vn/the-gioi/ba-harris-noi-ong-trump-khong-xung-lam-tong-thong-20241021074850927.htm
Thế giới,https://dantri.com.vn/the-gioi/ong-trump-lam-phuc-vu-o-cua-hang-an-nhanh-cong-kich-ba-harris-20241021072139198.htm
Thế giới,https://dantri.com.vn/the-gioi/iran-dua-cac-muc-tieu-chien-luoc-cua-israel-vao-tam-ngam-20241021071235901.htm
Thế giới,https://dantri.com.vn/the-gioi/trieu-tien-canh-bao-nguy-co-kich-dong-chien-tranh-voi-han-quoc-20241021064849355.htm
Thế giới,https://dantri.com.vn/the-gioi/nga-tung-quan-phan-cong-danh-bai-8-lu-doan-ukraine-o-tran-dia-kursk-20241021061512347.htm
Thế giới,https://dantri.com.vn/the-gioi/israel-o-at-khong-kich-kho-tien-cua-hezbollah-20241021060144318.htm
Thế giới,https://dantri.com.vn/the-gioi/tuong-nato-quan-doi-nga-co-the-manh-hon-sau-xung-dot-20241020214233036.htm
Thế giới,https://dantri.com.vn/the-gioi/ke-hoach-tuyet-mat-cua-israel-bi-lo-iran-canh-bao-danh-thep-20241020201725299.htm
Thế giới,https://dantri.com.vn/the-gioi/pho-thu-linh-hezbollah-roi-li-bang-truoc-lan-song-tan-cong-cua-israel-20241020183025239.htm
Thế giới,https://dantri.com.vn/the-gioi/nga-tien-quan-nhanh-nhat-o-donbass-sau-2-nam-20241020163226254.htm
Thế giới,https://dantri.com.vn/the-gioi/tan-tong-thong-indonesia-tuyen-the-nham-chuc-hua-chong-tham-nhung-20241020143554930.htm
Thế giới,https://dantri.com.vn/the-gioi/ai-se-lam-thu-linh-hamas-sau-cai-chet-cua-sinwar-20241020071251182.htm
Thế giới,https://dantri.com.vn/the-gioi/thu-tuong-israel-y-dinh-am-sat-toi-la-sai-lam-cay-dang-20241020064506590.htm
Thế giới,https://dantri.com.vn/the-gioi/ro-ri-tai-lieu-tinh-bao-my-ve-ke-hoach-israel-tan-cong-iran-20241020060118522.htm
Thế giới,https://dantri.com.vn/the-gioi/cuba-lan-thu-2-mat-dien-tren-toan-quoc-20241019210914609.htm
Thế giới,https://dantri.com.vn/the-gioi/israel-rai-anh-thi-the-thu-linh-sinwar-xuong-gaza-keu-goi-hamas-ha-vu-khi-20241019205851213.htm
Thế giới,https://dantri.com.vn/the-gioi/nga-gianh-them-lanh-tho-ap-sat-huyet-mach-hau-can-cua-ukraine-20241019193136586.htm
Thế giới,https://dantri.com.vn/the-gioi/nha-rieng-cua-thu-tuong-israel-bi-uav-tap-kich-20241019154407313.htm
Thế giới,https://dantri.com.vn/the-gioi/ong-putin-neu-ly-do-khong-chap-nhan-ngung-ban-tam-thoi-o-ukraine-20241019151611968.htm
Thế giới,https://dantri.com.vn/the-gioi/ben-trong-ke-hoach-bi-mat-20-nam-cua-israel-chuan-bi-cho-tan-cong-iran-20241019143639260.htm
Thế giới,https://dantri.com.vn/the-gioi/tong-thong-zelensky-tiet-lo-3-kich-ban-xung-dot-ukraine-sau-bau-cu-my-20241019073847724.htm
Thế giới,https://dantri.com.vn/the-gioi/thu-tuong-hungary-chi-trich-ke-hoach-chien-thang-cua-ukraine-20241018204121256.htm
Thế giới,https://dantri.com.vn/the-gioi/israel-mo-nhieu-mat-tran-cuoc-chien-quyen-luc-trung-dong-nong-ruc-20241018224113667.htm
Thế giới,https://dantri.com.vn/the-gioi/nga-neu-dieu-kien-dam-phan-canh-bao-ukraine-ve-vu-khi-hat-nhan-20241019005302301.htm
Thế giới,https://dantri.com.vn/the-gioi/ong-putin-brics-tao-ra-phan-lon-tang-truong-kinh-te-toan-cau-20241018181540143.htm
Thế giới,https://dantri.com.vn/the-gioi/thoa-thuan-lich-su-giua-anh-va-mauritius-ve-chu-quyen-quan-dao-chagos-20241011102944255.htm
Thế giới,https://dantri.com.vn/the-gioi/cuu-quan-chuc-ukraine-goi-y-co-the-dua-phu-nu-ra-tien-tuyen-20241018144100130.htm
Thế giới,https://dantri.com.vn/the-gioi/hamas-thu-linh-sinwar-chien-dau-den-hoi-tho-cuoi-cung-20241018204400242.htm
Thế giới,https://dantri.com.vn/the-gioi/cai-chet-cua-thu-linh-hamas-co-the-cham-dut-xung-dot-o-gaza-20241018194223720.htm
Thế giới,https://dantri.com.vn/the-gioi/nga-ap-sat-phao-dai-hau-can-chien-luoc-dot-nong-mat-tran-donbass-20241018182158222.htm
Thế giới,https://dantri.com.vn/the-gioi/ong-biden-den-duc-thao-luan-ve-diem-nong-ukraine-trung-dong-20241018183318963.htm
Thế giới,https://dantri.com.vn/the-gioi/don-vi-ten-lua-hat-nhan-cua-nga-dien-tap-san-sang-chien-dau-20241018155553709.htm
Thế giới,https://dantri.com.vn/the-gioi/nga-don-dap-tan-cong-zaporizhia-ke-nghi-binh-hay-mo-mat-tran-moi-20241018102131960.htm
Thế giới,https://dantri.com.vn/the-gioi/hezbollah-lan-dau-dung-ten-lua-dan-duong-tan-cong-israel-20241018092647346.htm
Thế giới,https://dantri.com.vn/the-gioi/chien-dich-san-lung-gat-gao-cua-israel-nham-ha-sat-thu-linh-hamas-20241018075040622.htm
Thế giới,https://dantri.com.vn/the-gioi/israel-cong-bo-video-nhung-phut-cuoi-doi-cua-thu-linh-hamas-20241018065853770.htm
Thế giới,https://dantri.com.vn/the-gioi/ong-kim-jong-un-canh-bao-nong-han-quoc-doa-dung-vu-luc-dap-tra-20241018064252872.htm
Thế giới,https://dantri.com.vn/the-gioi/nato-len-tieng-sau-khi-ukraine-trinh-bay-ke-hoach-chien-thang-nga-20241018061901513.htm
Thế giới,https://dantri.com.vn/the-gioi/nga-tung-don-phan-cong-manh-ukraine-chay-dua-cuu-nguy-van-cuoc-o-kursk-20241018061651935.htm
Thế giới,https://dantri.com.vn/the-gioi/ha-lan-cho-phep-ukraine-dung-f-16-tan-cong-sau-vao-nga-20241018060944570.htm
Thế giới,https://dantri.com.vn/the-gioi/ukraine-bac-tin-co-the-che-tao-vu-khi-hat-nhan-trong-vai-tuan-20241017233543765.htm
Thế giới,https://dantri.com.vn/the-gioi/israel-ra-toi-hau-thu-cho-hamas-sau-cai-chet-cua-thu-linh-sinwar-20241018052712404.htm
Thế giới,https://dantri.com.vn/the-gioi/nhat-ban-ky-ket-muc-von-oda-ky-luc-cho-viet-nam-trong-6-nam-20241017170056839.htm
Thế giới,https://dantri.com.vn/the-gioi/noi-bo-ukraine-ban-khoan-khi-ong-zelensky-cong-bo-ke-hoach-chien-thang-nga-20241017162858568.htm
Thế giới,https://dantri.com.vn/the-gioi/tong-thu-ky-nato-ukraine-se-la-thanh-vien-thu-33-hoac-34-20241017163332574.htm
Thế giới,https://dantri.com.vn/the-gioi/my-ly-giai-khong-giup-ukraine-ban-ha-ten-lua-nga-nhu-voi-israel-20241017152707613.htm
Thế giới,https://dantri.com.vn/the-gioi/nga-tien-cong-nhanh-chua-tung-co-ukraine-doi-mat-suc-ep-cay-dang-20241017151502179.htm
Thế giới,https://dantri.com.vn/the-gioi/hong-kong-triet-pha-duong-day-lua-tinh-tai-nhieu-nuoc-chau-a-20241017144620456.htm
Thế giới,https://dantri.com.vn/the-gioi/sieu-tang-challenger-2-anh-cap-cho-ukraine-bi-thoi-bay-thap-phao-o-kursk-20241017142523611.htm
Thế giới,https://dantri.com.vn/the-gioi/israel-chot-muc-tieu-quan-doi-cho-lenh-dap-tra-iran-20241017142509721.htm
Thế giới,https://dantri.com.vn/the-gioi/trieu-tien-cat-dut-hoan-toan-giao-thong-tren-bo-voi-han-quoc-20241017133842179.htm
Thế giới,https://dantri.com.vn/the-gioi/isw-nga-muon-de-bep-su-khang-cu-cua-ukraine-nhung-se-khong-thanh-cong-20241017124501301.htm
Thế giới,https://dantri.com.vn/the-gioi/quan-doi-anh-ukraine-dang-tren-bo-vuc-thua-cuoc-20241017121524076.htm
Thế giới,https://dantri.com.vn/the-gioi/he-lo-dieu-khoan-bi-mat-trong-ke-hoach-chien-thang-cua-ukraine-20241017062335436.htm
Thế giới,https://dantri.com.vn/the-gioi/nga-noi-ve-ke-hoach-chien-thang-cua-ong-zelensky-canh-bao-can-tinh-tao-20241016193156090.htm
Thế giới,https://dantri.com.vn/the-gioi/trieu-tien-len-tieng-vu-cho-no-tung-duong-noi-den-han-quoc-20241017052916005.htm
Thế giới,https://dantri.com.vn/the-gioi/nga-cat-duong-tiep-vien-khep-vong-vay-day-quan-ukraine-khoi-kursk-20241017000656125.htm
Thế giới,https://dantri.com.vn/the-gioi/ukraine-he-lo-ke-hoach-chien-thang-neu-thoi-diem-co-the-cham-dut-xung-dot-20241016195511801.htm
Thế giới,https://dantri.com.vn/the-gioi/trung-quoc-nhat-ban-noi-gi-ve-cang-thang-tren-ban-dao-trieu-tien-20241016163221133.htm
Thế giới,https://dantri.com.vn/the-gioi/ukraine-mat-90-luong-nhiet-dien-do-cac-cuoc-tan-cong-cua-nga-20241016155902890.htm
Thế giới,https://dantri.com.vn/the-gioi/ban-dao-trieu-tien-cang-nhu-day-dan-ong-kim-jong-un-hop-khan-20241016182442042.htm
Thế giới,https://dantri.com.vn/the-gioi/phong-tuyen-ukraine-bi-bop-nghet-nga-tren-da-gianh-tron-donbass-20241016080753306.htm
Thế giới,https://dantri.com.vn/the-gioi/may-bay-canada-roi-tu-do-1828m-trong-5-phut-hanh-khach-bi-hat-vang-20241016172414466.htm
Thế giới,https://dantri.com.vn/the-gioi/chien-su-ukraine-1610-nga-tao-5-vac-dau-bao-vay-quan-kiev-o-donetsk-20241016110759855.htm
Thế giới,https://dantri.com.vn/the-gioi/tinh-toan-cua-trieu-tien-khi-bat-ngo-cho-no-tung-duong-noi-voi-han-quoc-20241016110905533.htm
Thế giới,https://dantri.com.vn/the-gioi/nga-choc-sau-vao-phao-dai-chien-luoc-tim-cach-day-ukraine-khoi-donetsk-20241016102004641.htm
Thế giới,https://dantri.com.vn/the-gioi/so-sanh-suc-manh-quan-su-trieu-tien-va-han-quoc-20241015212153405.htm
Thế giới,https://dantri.com.vn/the-gioi/nguoi-noi-tieng-nao-ung-ho-ba-harris-va-ong-trump-20241016082034825.htm
Thế giới,https://dantri.com.vn/the-gioi/ong-trump-muon-han-quoc-tra-10-ty-usdnam-de-duoc-my-bao-ve-20241016081522548.htm
Thế giới,https://dantri.com.vn/the-gioi/ong-trump-tu-dep-nhat-trong-tu-dien-doi-voi-toi-la-thue-quan-20241016075004240.htm
Thế giới,https://dantri.com.vn/the-gioi/ba-lan-quan-doan-ukraine-o-nuoc-ngoai-it-quan-hon-du-kien-20-lan-20241016072903282.htm
Thế giới,https://dantri.com.vn/the-gioi/14-trieu-thanh-nien-trieu-tien-nhap-ngu-giua-cang-thang-voi-han-quoc-20241016064923319.htm
Thế giới,https://dantri.com.vn/the-gioi/bang-georgia-bo-phieu-som-bau-tong-thong-my-20241016064235863.htm
Thế giới,https://dantri.com.vn/the-gioi/phan-ung-cua-my-sau-vu-trieu-tien-cho-no-tung-duong-noi-voi-han-quoc-20241016060415054.htm
Thế giới,https://dantri.com.vn/the-gioi/phan-lan-phuong-tay-thuc-su-da-met-moi-vi-chien-su-o-ukraine-20241015172235694.htm
Thế giới,https://dantri.com.vn/the-gioi/tong-thong-putin-ra-chi-dao-ve-quan-he-voi-trieu-tien-20241015143702284.htm
Thế giới,https://dantri.com.vn/the-gioi/canada-truc-xuat-6-nha-ngoai-giao-an-do-20241015143901996.htm
Thế giới,https://dantri.com.vn/the-gioi/nga-don-dap-tan-cong-tieu-tho-ukraine-nguy-co-mat-them-phao-dai-huyet-mach-20241015143509744.htm
Thế giới,https://dantri.com.vn/the-gioi/trieu-tien-cho-no-tung-cac-tuyen-duong-lien-trieu-20241015135615343.htm
Thế giới,https://dantri.com.vn/the-gioi/isw-chi-ro-muc-dich-nga-tan-cong-cac-cang-cua-ukraine-20241015115852666.htm
Thế giới,https://dantri.com.vn/the-gioi/thach-thuc-bua-vay-tu-be-ukraine-mac-ket-trong-vong-xoay-xung-dot-20241015113834281.htm
Thế giới,https://dantri.com.vn/the-gioi/israel-canh-bao-dap-tra-khong-thuong-tiec-hezbollah-20241015113339948.htm
Thế giới,https://dantri.com.vn/the-gioi/ong-trump-hua-bo-nhiem-ty-phu-elon-musk-lam-bo-truong-cat-giam-chi-phi-20241015112815822.htm
Thế giới,https://dantri.com.vn/the-gioi/chien-su-ukraine-1510-nga-lien-tiep-danh-bat-quan-kiev-o-kursk-20241015090710469.htm
Sức Khoẻ,https://dantri.com.vn/suc-khoe/2-benh-nhan-suy-da-tang-vi-sot-mo-de-chet-nguoi-tu-not-dot-nho-20241022154605023.htm
Sức Khoẻ,https://dantri.com.vn/suc-khoe/nam-sinh-suyt-mat-tinh-hoan-vi-benh-hay-gap-khi-troi-tro-lanh-20241022153515002.htm
Sức Khoẻ,https://dantri.com.vn/suc-khoe/bong-dung-dau-dau-tung-con-cau-be-7-tuoi-o-ha-noi-mac-viem-mang-nao-virus-20241022160611928.htm
Sức Khoẻ,https://dantri.com.vn/suc-khoe/bac-si-thuc-hanh-o-benh-vien-tu-du-bi-phat-hien-sai-pham-tai-co-so-mo-tri-20241022134848130.htm
Sức Khoẻ,https://dantri.com.vn/suc-khoe/hon-mot-thang-gianh-giat-su-song-cho-nan-nhan-vu-sat-lo-vui-lap-xe-khach-20241022115353633.htm
Sức Khoẻ,https://dantri.com.vn/suc-khoe/uu-diem-cua-may-loc-nuoc-hydro-ion-kiem-karofi-kae-s88-promax-the-he-moi-20241024101148966.htm
Sức Khoẻ,https://dantri.com.vn/suc-khoe/sai-lam-khi-an-nhung-loai-qua-nay-benh-nhan-de-phai-cap-cuu-20241022114254749.htm
Sức Khoẻ,https://dantri.com.vn/suc-khoe/xet-nghiem-hpv-tu-lay-mau-phat-hien-som-nguy-co-ung-thu-co-tu-cung-rieng-tu-chu-dong-20241023211326014.htm
Sức Khoẻ,https://dantri.com.vn/suc-khoe/benh-hiem-hanh-ha-nhieu-nguoi-di-khong-noi-dang-dung-bong-nga-quy-20241022100012838.htm
Sức Khoẻ,https://dantri.com.vn/suc-khoe/3-loai-rau-ra-cho-la-thay-la-thuoc-bo-cho-tim-va-da-day-20241022072213749.htm
Sức Khoẻ,https://dantri.com.vn/suc-khoe/thuc-hien-5-thay-doi-nay-de-truong-tho-20241022075512790.htm
Sức Khoẻ,https://dantri.com.vn/suc-khoe/nguoi-vo-bong-95-vu-no-gas-o-tphcm-mat-tim-thai-bac-si-co-het-suc-cuu-me-20241021094207396.htm
Sức Khoẻ,https://dantri.com.vn/suc-khoe/cuu-song-tien-si-dot-quy-nao-nho-quyet-dinh-dung-cam-tu-bac-si-20241022212142193.htm
Sức Khoẻ,https://dantri.com.vn/suc-khoe/qua-ngot-sau-nhieu-nam-chua-nuot-nghen-khong-ro-nguyen-nhan-20241022112753953.htm
Sức Khoẻ,https://dantri.com.vn/suc-khoe/ngu-5-tieng-moi-dem-co-du-khong-20241021065316040.htm
Sức Khoẻ,https://dantri.com.vn/suc-khoe/dich-vu-lay-mau-xet-nghiem-tan-noi-giai-phap-cham-soc-suc-khoe-tien-loi-tai-nha-20241022205933658.htm
Sức Khoẻ,https://dantri.com.vn/suc-khoe/4-meo-don-gian-tang-cuong-suc-de-khang-cua-tre-20241019220255392.htm
Sức Khoẻ,https://dantri.com.vn/suc-khoe/nu-truong-khoa-ke-chuyen-chung-kien-benh-nhan-chua-tron-20-tuoi-tu-vong-20241019185420962.htm
Sức Khoẻ,https://dantri.com.vn/suc-khoe/nu-bac-si-danh-doi-thanh-xuan-de-noi-lien-cuoc-doi-nhung-tre-em-bat-hanh-20241019163610700.htm
Sức Khoẻ,https://dantri.com.vn/suc-khoe/gia-tang-so-nguoi-mac-benh-kho-noi-20241019132507254.htm
Sức Khoẻ,https://dantri.com.vn/suc-khoe/da-huong-dong-hanh-cung-hoi-nghi-san-phu-khoa-viet-phap-2024-20241022171711971.htm
Sức Khoẻ,https://dantri.com.vn/suc-khoe/loai-ca-ti-hon-gia-re-pho-bien-o-viet-nam-la-kho-dinh-duong-doi-dao-20241018071823836.htm
Sức Khoẻ,https://dantri.com.vn/suc-khoe/dut-hoan-toan-day-chang-co-chan-du-chi-di-bo-leo-cau-thang-20241017160833763.htm
Sức Khoẻ,https://dantri.com.vn/suc-khoe/loi-ich-bat-ngo-khi-chay-bo-15-phut-moi-ngay-20241018064535648.htm
Sức Khoẻ,https://dantri.com.vn/suc-khoe/benh-vien-nhi-o-tphcm-lien-tuc-ghep-gan-than-cuu-nhieu-tre-can-ke-cua-tu-20241017170128977.htm
Sức Khoẻ,https://dantri.com.vn/suc-khoe/can-canh-gan-1300kg-vu-heo-luoi-vit-trung-non-troi-noi-phat-hien-o-tphcm-20241017183732635.htm
Sức Khoẻ,https://dantri.com.vn/suc-khoe/ghep-te-bao-goc-tu-than-chi-phi-het-41-trieu-nguoi-benh-con-khong-tin-20241017180628471.htm
Sức Khoẻ,https://dantri.com.vn/suc-khoe/thay-khop-hang-duong-mo-sieu-nho-3-4cm-di-lai-duoc-sau-mot-ngay-phau-thuat-20241017165002887.htm
Sức Khoẻ,https://dantri.com.vn/suc-khoe/benh-nhan-tat-nu-dieu-duong-tai-phong-cap-cuu-20241017161732650.htm
Sức Khoẻ,https://dantri.com.vn/suc-khoe/co-so-lay-ten-benh-vien-tau-tan-chung-cu-lam-dep-khi-thanh-tra-xuat-hien-20241017145505388.htm
Sức Khoẻ,https://dantri.com.vn/suc-khoe/mua-thuoc-truc-tuyen-mang-lai-nhieu-loi-ich-cac-ton-tai-can-duoc-huong-dan-20241017105031902.htm
Sức Khoẻ,https://dantri.com.vn/suc-khoe/hon-10-lan-phau-thuat-tham-my-van-thay-minh-chua-dep-20241014065650345.htm
Sức Khoẻ,https://dantri.com.vn/suc-khoe/estrogen-suy-giam-chi-em-phai-doi-mat-voi-hang-loat-benh-20241016202722946.htm
Sức Khoẻ,https://dantri.com.vn/suc-khoe/kham-suc-khoe-dinh-ky-nu-benh-nhan-phat-hien-mac-2-benh-ung-thu-nguy-hiem-20241016154714250.htm
Sức Khoẻ,https://dantri.com.vn/suc-khoe/chat-xo-re-beo-la-ke-thu-cua-tieu-duong-va-benh-tim-mach-20241016073557030.htm
Sức Khoẻ,https://dantri.com.vn/suc-khoe/thu-truong-bo-y-te-neu-5-dieu-can-biet-de-phat-hien-som-ung-thu-vu-20241016152824158.htm
Sức Khoẻ,https://dantri.com.vn/suc-khoe/nhung-ai-khong-nen-an-dau-bap-20241016074210141.htm
Sức Khoẻ,https://dantri.com.vn/suc-khoe/bi-cho-nha-nuoi-can-nguoi-phu-nu-53-tuoi-tu-vong-nghi-do-benh-dai-20241016110526147.htm
Sức Khoẻ,https://dantri.com.vn/suc-khoe/toa-dam-thuong-mai-dien-tu-va-duoc-pham-xu-huong-thach-thuc-giai-phap-20241015213133554.htm
Sức Khoẻ,https://dantri.com.vn/suc-khoe/nhanh-gia-vi-9-loai-thuc-pham-nay-20241010195624061.htm
Sức Khoẻ,https://dantri.com.vn/suc-khoe/vu-no-noi-hap-lam-sap-tuong-5-nha-dan-o-tphcm-be-gai-bi-thuong-the-nao-20241016010613792.htm
Sức Khoẻ,https://dantri.com.vn/suc-khoe/giam-doc-so-y-te-tphcm-da-co-benh-vien-thung-luoi-no-nhieu-ma-khong-hay-20241015183509369.htm
Sức Khoẻ,https://dantri.com.vn/suc-khoe/bi-treo-don-nghi-vien-chuc-vien-y-duoc-hoc-dan-toc-tphcm-phai-ngam-dang-20241011103440325.htm
Sức Khoẻ,https://dantri.com.vn/suc-khoe/ha-noi-huyen-dan-phuong-bac-tin-hoc-sinh-bi-ngo-doc-do-sua-la-20241015065416606.htm
Sức Khoẻ,https://dantri.com.vn/suc-khoe/loai-ca-duoc-khen-tot-hon-ca-hoi-rat-pho-bien-o-viet-nam-20241008073115230.htm
Sức Khoẻ,https://dantri.com.vn/suc-khoe/cuu-ban-tay-quat-ngang-nhu-chu-l-cho-be-gai-4-tuoi-20241014171719365.htm
Sức Khoẻ,https://dantri.com.vn/suc-khoe/hieu-truong-truong-dh-y-ha-noi-nhan-huan-chuong-canh-co-han-lam-cua-phap-20241014132423589.htm
Sức Khoẻ,https://dantri.com.vn/suc-khoe/bi-cho-nha-hang-xom-can-nguoi-dan-ong-len-con-dai-tu-vong-20241014200714887.htm
Sức Khoẻ,https://dantri.com.vn/suc-khoe/da-huong-ket-hop-nielseniq-thuc-hien-nghien-cuu-tam-ly-phu-nu-hien-dai-20241016104301362.htm
Sức Khoẻ,https://dantri.com.vn/suc-khoe/nu-bac-si-kip-thoi-cuu-be-5-tuoi-thoat-chet-vi-hoc-keo-20241014211546640.htm
Sức Khoẻ,https://dantri.com.vn/suc-khoe/benh-vien-mount-elizabeth-novena-singapore-ung-dung-cong-nghe-moi-trong-dieu-tri-ung-thu-20241015234910181.htm
Sức Khoẻ,https://dantri.com.vn/suc-khoe/ngay-dau-ha-noi-trien-khai-chien-dich-tiem-vaccine-chan-dich-soi-20241014130712778.htm
Sức Khoẻ,https://dantri.com.vn/suc-khoe/2-tre-ngo-doc-botulinum-vo-tinh-nam-cung-phong-moi-biet-an-chung-bua-tiec-20241014162608621.htm
Sức Khoẻ,https://dantri.com.vn/suc-khoe/20-nam-anh-la-chan-em-la-mat-cua-cap-doi-van-dong-vien-chong-mu-vo-cut-chan-20241011175837413.htm
Sức Khoẻ,https://dantri.com.vn/suc-khoe/khong-co-tinh-binh-nam-gioi-co-the-sinh-con-khong-20241012194829889.htm
Sức Khoẻ,https://dantri.com.vn/suc-khoe/nguoi-viet-van-thap-be-nhe-can-so-voi-the-gioi-20241012184118235.htm
Sức Khoẻ,https://dantri.com.vn/suc-khoe/nuoc-luoc-ngo-bo-gi-ma-duoc-bac-si-khen-het-loi-20241012073357114.htm
Sức Khoẻ,https://dantri.com.vn/suc-khoe/nhieu-quy-ong-khon-kho-vi-nguc-qua-lon-chia-tay-nguoi-yeu-di-mo-thu-nho-20241012084735381.htm
Sức Khoẻ,https://dantri.com.vn/suc-khoe/phau-thuat-tai-tao-long-nguc-ung-dung-cong-nghe-3d-buoc-tien-cua-y-hoc-20241014214134672.htm
Sức Khoẻ,https://dantri.com.vn/suc-khoe/be-trai-7-tuoi-vu-lu-quet-thon-lang-nu-duoc-ra-vien-20241012070917538.htm
Sức Khoẻ,https://dantri.com.vn/suc-khoe/bo-y-te-de-xuat-tang-phu-cap-truc-phu-cap-chong-dich-20241012070742426.htm
Sức Khoẻ,https://dantri.com.vn/suc-khoe/4-bi-kip-cua-nhung-nguoi-song-tho-nhat-the-gioi-20241010194634320.htm
Sức Khoẻ,https://dantri.com.vn/suc-khoe/2-lanh-dao-hoi-thay-thuoc-tre-viet-nam-tham-gia-uy-ban-y-te-toan-cau-20241011164514680.htm
Sức Khoẻ,https://dantri.com.vn/suc-khoe/mot-nua-hoc-sinh-ha-noi-phai-deo-kinh-vi-can-loan-thi-20241010202008674.htm
Sức Khoẻ,https://dantri.com.vn/suc-khoe/tphcm-5-hoc-sinh-truong-le-quy-don-nhap-vien-cap-cuu-sau-bua-an-o-cang-tin-20241010172311695.htm
Sức Khoẻ,https://dantri.com.vn/suc-khoe/be-gai-3-tuoi-tac-ruot-do-an-ca-bui-toc-dai-15cm-20241010135424613.htm
Sức Khoẻ,https://dantri.com.vn/suc-khoe/thieu-nien-15-tuoi-liet-tu-chi-sau-nhieu-gio-dung-dien-thoai-trong-dem-20241010142250146.htm
Sức Khoẻ,https://dantri.com.vn/suc-khoe/hoc-sinh-dua-nhau-bat-pen-bac-si-giat-minh-vi-qua-nguy-hiem-20241010152532854.htm
Sức Khoẻ,https://dantri.com.vn/suc-khoe/cong-doan-y-te-se-bao-ve-quyen-loi-vien-chuc-vien-y-duoc-hoc-dan-toc-tphcm-20241009230831308.htm
Sức Khoẻ,https://dantri.com.vn/suc-khoe/tphcm-nu-benh-nhan-33-tuoi-nhiem-vi-khuan-an-thit-nguoi-nguy-kich-20241010102956031.htm
Sức Khoẻ,https://dantri.com.vn/suc-khoe/moi-ngay-uong-1-lit-ruou-nguoi-dan-ong-38-tuoi-bi-ho-ra-mau-20241010095744110.htm
Sức Khoẻ,https://dantri.com.vn/suc-khoe/nhung-thuc-pham-hai-than-nhieu-nguoi-khong-biet-20241009163133504.htm
Sức Khoẻ,https://dantri.com.vn/suc-khoe/13-dau-hieu-cho-thay-ban-dang-tap-the-thao-qua-suc-20241009072945637.htm
Sức Khoẻ,https://dantri.com.vn/suc-khoe/ket-luan-nguyen-nhan-san-phu-o-lam-dong-tu-vong-sau-sinh-mo-20241009155944848.htm
Sức Khoẻ,https://dantri.com.vn/suc-khoe/nguoi-dan-ong-nhap-vien-ban-tay-van-nguyen-trong-may-xay-thit-20241009071311516.htm
Sức Khoẻ,https://dantri.com.vn/suc-khoe/3-mon-cang-an-cang-nhanh-hong-gan-20241008071649419.htm
Sức Khoẻ,https://dantri.com.vn/suc-khoe/trung-tam-cap-cuu-a9-benh-vien-bach-mai-nhu-khach-san-20241008163945251.htm
Sức Khoẻ,https://dantri.com.vn/suc-khoe/tphcm-be-gai-6-tuoi-bi-cay-de-trong-mua-gay-da-chan-thuong-dap-phoi-nang-20241008143121698.htm
Sức Khoẻ,https://dantri.com.vn/suc-khoe/bo-y-te-de-nghi-lam-ro-vu-san-phu-tu-vong-sau-sinh-mo-o-lam-dong-20241008094331512.htm
Sức Khoẻ,https://dantri.com.vn/suc-khoe/cay-bat-goc-de-nhieu-nguoi-nan-nhan-gay-xuong-co-xin-ra-vien-lo-cho-chau-20241008104038436.htm
Sức Khoẻ,https://dantri.com.vn/suc-khoe/uong-nuoc-la-oi-co-tac-dung-gi-20241007204535374.htm
Sức Khoẻ,https://dantri.com.vn/suc-khoe/cach-lua-chon-bo-sung-vitamin-tong-hop-cho-nguoi-tre-ban-ron-20241010144711556.htm
Sức Khoẻ,https://dantri.com.vn/suc-khoe/tap-doan-gelex-tai-tro-trang-thiet-bi-y-te-hien-dai-cho-benh-vien-nhi-ha-noi-20241010135613900.htm
Sức Khoẻ,https://dantri.com.vn/suc-khoe/bac-si-nhat-ban-chi-6-cach-ngua-ung-thu-ai-cung-lam-duoc-20241007074725898.htm
Sức Khoẻ,https://dantri.com.vn/suc-khoe/bv-viet-duc-thuc-hien-ca-ghep-dong-thoi-tim-gan-lan-dau-tien-tai-viet-nam-20241007083849051.htm
Sức Khoẻ,https://dantri.com.vn/suc-khoe/tiem-filler-moi-co-an-toan-20241007010755624.htm
Sức Khoẻ,https://dantri.com.vn/suc-khoe/loi-ich-suc-khoe-bat-ngo-cua-viec-ngoi-tren-san-nha-20241006203048571.htm
Sức Khoẻ,https://dantri.com.vn/suc-khoe/cuu-nguoi-dan-ong-10-nam-troi-bi-dong-kinh-bang-lieu-phap-lan-dau-thuc-hien-20241006123926981.htm
Sức Khoẻ,https://dantri.com.vn/suc-khoe/3-thoi-quen-giup-nguoi-nhat-ban-luon-thon-gon-20241006082408637.htm
Sức Khoẻ,https://dantri.com.vn/suc-khoe/loai-rau-cho-nao-cung-co-giup-quy-ong-ngua-ung-thu-khoe-chuyen-ay-20240930225945989.htm
Sức Khoẻ,https://dantri.com.vn/suc-khoe/can-canh-benh-vien-nhi-dau-tien-cua-ha-noi-duoc-dau-tu-gan-800-ty-dong-20241005151451073.htm
Sức Khoẻ,https://dantri.com.vn/suc-khoe/thanh-tra-dang-lam-viec-voi-vien-y-duoc-hoc-dan-toc-tphcm-20241002114936328.htm
Sức Khoẻ,https://dantri.com.vn/suc-khoe/my-linh-keu-goi-chung-tay-ho-tro-phu-nu-yeu-the-tam-soat-ung-thu-20241008111435261.htm
Sức Khoẻ,https://dantri.com.vn/suc-khoe/nguoi-nha-yeu-cau-lam-ro-viec-san-phu-tu-vong-sau-sinh-mo-20241005132912162.htm
Sức Khoẻ,https://dantri.com.vn/suc-khoe/cuu-song-thai-nhi-bi-suy-thai-do-5-vong-day-ron-quan-chat-20241007205948441.htm
Sức Khoẻ,https://dantri.com.vn/suc-khoe/bac-si-dung-cua-may-cuu-vung-kin-chang-trai-20241003121754569.htm
Sức Khoẻ,https://dantri.com.vn/suc-khoe/tre-em-viet-nam-su-dung-mang-xa-hoi-5-7-gio-moi-ngay-20241004122731784.htm
Sức Khoẻ,https://dantri.com.vn/suc-khoe/bo-y-te-noi-ve-viec-vien-y-duoc-hoc-dan-toc-tphcm-thu-phi-thuc-hanh-20241003231813366.htm
Sức Khoẻ,https://dantri.com.vn/suc-khoe/3-phan-cua-ca-co-the-la-o-vi-khuan-can-chu-y-khi-che-bien-20241004071559551.htm
Sức Khoẻ,https://dantri.com.vn/suc-khoe/truoc-khi-ung-thu-den-tay-chan-thuong-co-4-dau-hieu-nay-20241004074036863.htm
Sức Khoẻ,https://dantri.com.vn/suc-khoe/viet-nam-co-3-loai-hat-la-thuoc-quy-cho-gan-20240326153742054.htm
Sức Khoẻ,https://dantri.com.vn/suc-khoe/chuyen-giao-ky-thuat-chuyen-sau-cho-tuyen-duoi-de-dieu-tri-ca-nang-20241003194618698.htm
Sức Khoẻ,https://dantri.com.vn/suc-khoe/vien-y-duoc-hoc-dan-toc-tphcm-khuyen-vien-chuc-kien-ra-toa-vu-treo-don-nghi-20241001173743739.htm
Sức Khoẻ,https://dantri.com.vn/suc-khoe/be-6-thang-tuoi-uong-nham-thuoc-tri-mun-coc-bong-thuc-quan-nang-20241003111146616.htm
Sức Khoẻ,https://dantri.com.vn/suc-khoe/bo-y-te-lo-ngai-su-gia-tang-nhanh-chong-cua-thuoc-la-dien-tu-20241003112415983.htm
Sức Khoẻ,https://dantri.com.vn/suc-khoe/tphcm-cap-cuu-be-trai-6-tuoi-nghi-bi-cha-tat-nuoc-soi-bao-hanh-20241002153514153.htm
Sức Khoẻ,https://dantri.com.vn/suc-khoe/canh-bao-suy-than-vi-loai-vi-khuan-trong-nuoc-lu-20230810082115003.htm
Sức Khoẻ,https://dantri.com.vn/suc-khoe/nghi-van-giao-su-gian-lan-nghien-cuu-benh-nhan-anh-huong-the-nao-20241002112302006.htm
Sức Khoẻ,https://dantri.com.vn/suc-khoe/nghi-van-gian-lan-132-nghien-cuu-rung-dong-gioi-y-khoa-toan-cau-20241002105344184.htm
Sức Khoẻ,https://dantri.com.vn/suc-khoe/bong-bong-ca-la-thuoc-quy-cho-xuong-khop-20241002073045520.htm
Sức Khoẻ,https://dantri.com.vn/suc-khoe/2-thoi-quen-cua-nhieu-nguoi-viet-khien-dot-quy-can-ke-20240206084225515.htm
Sức Khoẻ,https://dantri.com.vn/suc-khoe/uong-tra-xanh-co-thuc-su-giup-giam-can-20241001205334655.htm
Sức Khoẻ,https://dantri.com.vn/suc-khoe/noi-lo-cua-nhung-nguoi-ha-noi-40-ngay-bi-nuoc-lu-bao-vay-20241001155514014.htm
Sức Khoẻ,https://dantri.com.vn/suc-khoe/phat-hien-vien-soi-nang-gan-1kg-trong-bang-quang-nam-benh-nhan-20241001143736208.htm
Sức Khoẻ,https://dantri.com.vn/suc-khoe/dhg-pharma-mang-10000-tui-thuoc-yeu-thuong-tiep-suc-cho-dong-bao-vung-lu-20241003150037500.htm
Sức Khoẻ,https://dantri.com.vn/suc-khoe/vien-y-duoc-hoc-dan-toc-tphcm-thu-phi-thuc-hanh-cua-nhan-vien-co-hop-ly-20240924123643595.htm
Sức Khoẻ,https://dantri.com.vn/suc-khoe/sap-san-khau-cuoc-thi-hoa-hau-o-tphcm-nan-nhan-bi-da-chan-thuong-20240930141050653.htm
Sức Khoẻ,https://dantri.com.vn/suc-khoe/song-lao-dao-vi-2-nam-bi-vien-y-duoc-hoc-dan-toc-tphcm-treo-don-xin-nghi-20240901133029421.htm
Sức Khoẻ,https://dantri.com.vn/suc-khoe/nu-bac-si-bi-tam-kinh-quan-ca-phe-dam-da-di-lam-ngoi-xe-lan-kham-benh-20240930112404922.htm
Sức Khoẻ,https://dantri.com.vn/suc-khoe/co-gai-bong-nang-vi-giac-hoi-bung-de-chua-ung-thu-20240930094843043.htm
Sức Khoẻ,https://dantri.com.vn/suc-khoe/toa-dam-truc-tuyen-tu-thuoc-gia-dinh-la-chan-benh-tat-mua-bao-lu-20240929195257453.htm
Sức Khoẻ,https://dantri.com.vn/suc-khoe/mon-the-thao-nao-giup-ngua-dot-quy-tot-nhat-20240930071547508.htm
Sức Khoẻ,https://dantri.com.vn/suc-khoe/phat-hien-ca-benh-behcet-hiem-gap-nguy-hiem-bi-bo-quen-suot-8-nam-20240930022645648.htm
Sức Khoẻ,https://dantri.com.vn/suc-khoe/sat-lo-dat-o-ha-giang-2-benh-vien-tuyen-tren-ho-tro-cuu-nguoi-bi-nan-20240929201104819.htm
Sức Khoẻ,https://dantri.com.vn/suc-khoe/be-trai-3-thang-tuoi-tung-o-mai-am-hoa-hong-da-tu-vong-tai-benh-vien-20240929194640547.htm
Sức Khoẻ,https://dantri.com.vn/suc-khoe/nguoi-phu-nu-36-tuoi-ganh-hau-qua-nang-ne-sau-khi-xam-vung-kin-o-spa-20240929102517523.htm
